provider_id,month_start,available_hours,booked_hours,patient_facing_hours
PROV_0001,2024-07-01,149.14,123.37,118.8
PROV_0001,2024-08-01,155.1,129.63,111.81
PROV_0001,2024-09-01,150.5,136.02,127.24
PROV_0001,2024-10-01,162.39,138.99,125.1
PROV_0001,2024-11-01,154.48,147.58,128.14
PROV_0001,2024-12-01,146.28,131.0,129.16
PROV_0001,2025-01-01,141.9,120.73,119.33
PROV_0001,2025-02-01,144.13,125.09,101.42
PROV_0001,2025-03-01,159.23,138.39,134.55
PROV_0001,2025-04-01,156.43,144.75,112.96
PROV_0001,2025-05-01,145.93,134.97,102.28
PROV_0001,2025-06-01,149.26,152.86,128.48
PROV_0001,2025-07-01,150.2,128.26,133.89
PROV_0001,2025-08-01,159.35,140.33,119.07
PROV_0001,2025-09-01,160.61,134.33,132.6
PROV_0001,2025-10-01,149.9,118.05,119.44
PROV_0001,2025-11-01,163.01,131.78,120.76
PROV_0001,2025-12-01,157.6,140.68,136.98
PROV_0001,2026-01-01,147.37,141.66,120.84
PROV_0001,2026-02-01,145.26,117.68,109.94
PROV_0001,2026-03-01,150.13,130.75,122.61
PROV_0001,2026-04-01,162.0,156.32,128.5
PROV_0001,2026-05-01,158.55,152.83,117.2
PROV_0001,2026-06-01,160.08,153.4,124.69
PROV_0002,2024-07-01,108.49,85.16,86.46
PROV_0002,2024-08-01,106.71,81.01,93.06
PROV_0002,2024-09-01,105.88,85.75,78.96
PROV_0002,2024-10-01,117.71,110.02,96.95
PROV_0002,2024-11-01,117.01,108.66,94.57
PROV_0002,2024-12-01,119.87,90.59,87.99
PROV_0002,2025-01-01,113.42,100.64,85.16
PROV_0002,2025-02-01,115.63,98.53,98.94
PROV_0002,2025-03-01,122.11,115.02,94.55
PROV_0002,2025-04-01,113.31,105.13,90.42
PROV_0002,2025-05-01,112.57,104.64,81.47
PROV_0002,2025-06-01,109.99,102.23,98.37
PROV_0002,2025-07-01,121.82,110.93,103.0
PROV_0002,2025-08-01,114.06,93.82,81.7
PROV_0002,2025-09-01,109.09,101.37,91.36
PROV_0002,2025-10-01,111.26,96.82,90.34
PROV_0002,2025-11-01,121.74,99.79,93.97
PROV_0002,2025-12-01,111.98,95.6,83.4
PROV_0002,2026-01-01,118.93,100.77,95.3
PROV_0002,2026-02-01,107.59,92.37,81.82
PROV_0002,2026-03-01,109.96,102.12,97.97
PROV_0002,2026-04-01,117.47,96.93,93.24
PROV_0002,2026-05-01,105.77,103.96,82.83
PROV_0002,2026-06-01,111.81,95.76,94.36
PROV_0003,2024-07-01,153.93,147.9,119.55
PROV_0003,2024-08-01,145.98,122.7,110.27
PROV_0003,2024-09-01,162.14,136.98,137.32
PROV_0003,2024-10-01,158.55,145.68,126.25
PROV_0003,2024-11-01,145.65,134.99,118.63
PROV_0003,2024-12-01,155.13,143.89,120.53
PROV_0003,2025-01-01,161.87,136.27,120.79
PROV_0003,2025-02-01,156.09,145.63,128.13
PROV_0003,2025-03-01,141.4,118.84,103.14
PROV_0003,2025-04-01,149.14,145.38,105.08
PROV_0003,2025-05-01,162.03,142.81,135.04
PROV_0003,2025-06-01,147.43,131.99,103.5
PROV_0003,2025-07-01,159.71,138.26,123.81
PROV_0003,2025-08-01,144.62,145.08,103.67
PROV_0003,2025-09-01,152.0,127.72,136.33
PROV_0003,2025-10-01,150.88,127.1,125.29
PROV_0003,2025-11-01,159.52,145.91,126.24
PROV_0003,2025-12-01,154.23,136.57,134.9
PROV_0003,2026-01-01,152.67,135.81,130.43
PROV_0003,2026-02-01,149.73,124.82,112.77
PROV_0003,2026-03-01,150.96,137.01,110.64
PROV_0003,2026-04-01,150.34,136.35,130.78
PROV_0003,2026-05-01,156.51,140.39,109.83
PROV_0003,2026-06-01,155.54,138.83,138.52
PROV_0004,2024-07-01,151.14,134.59,130.45
PROV_0004,2024-08-01,150.78,136.27,109.78
PROV_0004,2024-09-01,159.01,141.72,128.58
PROV_0004,2024-10-01,153.27,143.86,120.04
PROV_0004,2024-11-01,158.19,157.69,141.48
PROV_0004,2024-12-01,143.33,130.66,109.56
PROV_0004,2025-01-01,143.49,137.44,125.02
PROV_0004,2025-02-01,141.41,119.61,100.05
PROV_0004,2025-03-01,158.47,149.5,118.21
PROV_0004,2025-04-01,150.86,129.21,115.96
PROV_0004,2025-05-01,150.22,136.04,108.1
PROV_0004,2025-06-01,162.6,136.55,117.83
PROV_0004,2025-07-01,151.44,134.47,128.74
PROV_0004,2025-08-01,163.18,138.39,139.89
PROV_0004,2025-09-01,146.37,137.81,130.6
PROV_0004,2025-10-01,153.77,144.39,136.92
PROV_0004,2025-11-01,146.31,134.35,121.75
PROV_0004,2025-12-01,152.98,154.31,126.06
PROV_0004,2026-01-01,141.2,123.55,120.88
PROV_0004,2026-02-01,145.36,123.17,127.73
PROV_0004,2026-03-01,145.5,141.4,102.95
PROV_0004,2026-04-01,149.05,123.39,128.02
PROV_0004,2026-05-01,158.37,121.27,142.06
PROV_0004,2026-06-01,143.0,129.46,103.64
PROV_0005,2024-07-01,152.38,145.98,122.29
PROV_0005,2024-08-01,161.34,139.01,124.26
PROV_0005,2024-09-01,154.98,140.79,116.32
PROV_0005,2024-10-01,162.01,157.08,130.53
PROV_0005,2024-11-01,152.0,131.02,115.05
PROV_0005,2024-12-01,149.54,137.28,114.09
PROV_0005,2025-01-01,144.42,136.51,118.83
PROV_0005,2025-02-01,146.3,143.49,124.16
PROV_0005,2025-03-01,145.72,126.04,109.76
PROV_0005,2025-04-01,159.73,131.08,116.18
PROV_0005,2025-05-01,149.71,155.38,107.49
PROV_0005,2025-06-01,154.6,131.47,137.79
PROV_0005,2025-07-01,147.89,118.64,106.3
PROV_0005,2025-08-01,145.48,146.83,116.76
PROV_0005,2025-09-01,144.62,129.11,128.12
PROV_0005,2025-10-01,161.58,148.95,122.47
PROV_0005,2025-11-01,159.65,131.95,125.32
PROV_0005,2025-12-01,160.31,136.0,120.47
PROV_0005,2026-01-01,158.01,137.87,129.78
PROV_0005,2026-02-01,155.29,140.74,130.36
PROV_0005,2026-03-01,161.27,145.61,143.07
PROV_0005,2026-04-01,159.62,163.23,141.69
PROV_0005,2026-05-01,154.9,146.86,129.39
PROV_0005,2026-06-01,162.97,154.95,146.58
PROV_0006,2024-07-01,141.43,128.64,103.46
PROV_0006,2024-08-01,162.72,127.9,122.9
PROV_0006,2024-09-01,146.19,135.25,121.58
PROV_0006,2024-10-01,151.69,145.8,116.05
PROV_0006,2024-11-01,158.4,129.45,117.3
PROV_0006,2024-12-01,159.55,141.46,123.77
PROV_0006,2025-01-01,143.62,116.96,116.55
PROV_0006,2025-02-01,143.82,149.04,106.68
PROV_0006,2025-03-01,144.09,122.89,104.98
PROV_0006,2025-04-01,152.12,156.3,115.08
PROV_0006,2025-05-01,149.07,121.9,128.06
PROV_0006,2025-06-01,156.55,147.34,126.58
PROV_0006,2025-07-01,142.76,139.74,112.25
PROV_0006,2025-08-01,149.22,128.49,117.37
PROV_0006,2025-09-01,155.74,121.43,111.45
PROV_0006,2025-10-01,159.34,149.06,137.75
PROV_0006,2025-11-01,155.35,128.13,133.74
PROV_0006,2025-12-01,155.35,125.0,130.35
PROV_0006,2026-01-01,148.96,112.58,104.4
PROV_0006,2026-02-01,146.88,139.84,103.95
PROV_0006,2026-03-01,157.5,129.05,114.59
PROV_0006,2026-04-01,153.05,125.89,135.67
PROV_0006,2026-05-01,152.31,136.43,135.59
PROV_0006,2026-06-01,154.06,137.57,119.41
PROV_0007,2024-07-01,141.29,134.16,118.9
PROV_0007,2024-08-01,156.69,132.04,128.97
PROV_0007,2024-09-01,157.35,126.29,126.35
PROV_0007,2024-10-01,146.3,138.78,128.25
PROV_0007,2024-11-01,149.81,125.75,115.45
PROV_0007,2024-12-01,150.75,133.92,129.12
PROV_0007,2025-01-01,152.19,119.71,108.53
PROV_0007,2025-02-01,152.81,118.49,115.74
PROV_0007,2025-03-01,149.08,116.76,127.07
PROV_0007,2025-04-01,152.39,127.06,125.07
PROV_0007,2025-05-01,144.29,127.95,102.21
PROV_0007,2025-06-01,147.11,132.24,126.4
PROV_0007,2025-07-01,148.3,112.35,112.01
PROV_0007,2025-08-01,162.26,133.86,130.59
PROV_0007,2025-09-01,144.95,140.84,106.2
PROV_0007,2025-10-01,158.5,154.71,118.42
PROV_0007,2025-11-01,155.81,124.2,136.17
PROV_0007,2025-12-01,157.08,140.0,123.51
PROV_0007,2026-01-01,151.14,125.24,123.36
PROV_0007,2026-02-01,144.21,117.27,104.99
PROV_0007,2026-03-01,148.11,131.91,106.17
PROV_0007,2026-04-01,142.88,119.37,115.88
PROV_0007,2026-05-01,153.59,140.06,134.45
PROV_0007,2026-06-01,162.93,146.01,121.34
PROV_0008,2024-07-01,143.98,115.31,107.46
PROV_0008,2024-08-01,143.76,120.23,103.77
PROV_0008,2024-09-01,154.38,151.96,127.64
PROV_0008,2024-10-01,160.55,138.3,120.26
PROV_0008,2024-11-01,160.24,138.84,118.6
PROV_0008,2024-12-01,151.94,132.37,116.7
PROV_0008,2025-01-01,147.42,132.81,129.95
PROV_0008,2025-02-01,152.51,120.52,108.35
PROV_0008,2025-03-01,154.67,146.7,111.35
PROV_0008,2025-04-01,142.79,133.08,102.49
PROV_0008,2025-05-01,147.3,128.32,129.23
PROV_0008,2025-06-01,151.85,116.98,109.97
PROV_0008,2025-07-01,156.97,146.67,131.88
PROV_0008,2025-08-01,143.2,128.49,109.26
PROV_0008,2025-09-01,158.26,134.48,112.47
PROV_0008,2025-10-01,149.47,103.56,124.57
PROV_0008,2025-11-01,159.85,147.42,114.33
PROV_0008,2025-12-01,159.52,159.37,133.86
PROV_0008,2026-01-01,151.55,137.07,130.85
PROV_0008,2026-02-01,162.38,137.85,113.94
PROV_0008,2026-03-01,158.19,140.98,128.39
PROV_0008,2026-04-01,145.89,123.56,108.15
PROV_0008,2026-05-01,150.26,139.1,108.8
PROV_0008,2026-06-01,149.61,147.05,111.23
PROV_0009,2024-07-01,145.58,150.42,124.69
PROV_0009,2024-08-01,146.88,136.25,126.31
PROV_0009,2024-09-01,156.15,152.0,113.53
PROV_0009,2024-10-01,162.67,154.86,132.06
PROV_0009,2024-11-01,146.14,152.3,116.66
PROV_0009,2024-12-01,149.15,126.85,115.71
PROV_0009,2025-01-01,141.97,130.18,117.63
PROV_0009,2025-02-01,143.01,110.13,123.42
PROV_0009,2025-03-01,162.75,158.52,122.95
PROV_0009,2025-04-01,141.22,143.23,112.74
PROV_0009,2025-05-01,156.65,145.68,127.73
PROV_0009,2025-06-01,144.81,140.24,121.74
PROV_0009,2025-07-01,161.5,150.35,140.73
PROV_0009,2025-08-01,159.73,162.24,112.64
PROV_0009,2025-09-01,150.71,130.28,135.04
PROV_0009,2025-10-01,157.49,143.75,135.74
PROV_0009,2025-11-01,147.79,134.73,117.3
PROV_0009,2025-12-01,147.28,139.33,131.24
PROV_0009,2026-01-01,163.11,164.99,124.93
PROV_0009,2026-02-01,146.59,143.87,105.12
PROV_0009,2026-03-01,148.19,132.88,104.37
PROV_0009,2026-04-01,143.4,142.14,114.88
PROV_0009,2026-05-01,161.55,121.15,124.92
PROV_0009,2026-06-01,150.41,149.04,128.9
PROV_0010,2024-07-01,88.82,74.42,76.02
PROV_0010,2024-08-01,97.27,89.28,77.91
PROV_0010,2024-09-01,94.58,80.29,80.79
PROV_0010,2024-10-01,84.82,76.51,71.7
PROV_0010,2024-11-01,85.04,84.53,67.44
PROV_0010,2024-12-01,94.46,92.01,73.04
PROV_0010,2025-01-01,96.7,82.23,76.21
PROV_0010,2025-02-01,95.63,91.07,75.14
PROV_0010,2025-03-01,84.89,81.38,74.65
PROV_0010,2025-04-01,91.33,78.69,77.73
PROV_0010,2025-05-01,97.39,75.36,71.52
PROV_0010,2025-06-01,94.71,69.59,75.73
PROV_0010,2025-07-01,92.42,87.41,69.53
PROV_0010,2025-08-01,93.5,80.88,75.61
PROV_0010,2025-09-01,84.64,82.48,74.95
PROV_0010,2025-10-01,85.82,71.86,66.0
PROV_0010,2025-11-01,88.85,80.03,69.54
PROV_0010,2025-12-01,96.9,89.03,86.54
PROV_0010,2026-01-01,97.65,86.03,77.01
PROV_0010,2026-02-01,86.0,80.74,66.03
PROV_0010,2026-03-01,91.77,87.95,70.28
PROV_0010,2026-04-01,91.46,82.42,65.51
PROV_0010,2026-05-01,85.55,76.09,59.96
PROV_0010,2026-06-01,91.76,89.99,77.78
PROV_0011,2024-07-01,144.95,106.79,128.12
PROV_0011,2024-08-01,148.87,126.55,114.1
PROV_0011,2024-09-01,146.29,107.19,102.86
PROV_0011,2024-10-01,150.3,129.39,109.73
PROV_0011,2024-11-01,162.87,140.95,127.63
PROV_0011,2024-12-01,149.24,133.82,110.38
PROV_0011,2025-01-01,152.96,135.93,126.31
PROV_0011,2025-02-01,145.1,124.17,113.83
PROV_0011,2025-03-01,144.13,111.74,113.72
PROV_0011,2025-04-01,160.94,129.85,138.76
PROV_0011,2025-05-01,163.16,135.32,128.13
PROV_0011,2025-06-01,146.19,127.7,114.22
PROV_0011,2025-07-01,151.25,116.61,126.97
PROV_0011,2025-08-01,151.27,99.95,123.3
PROV_0011,2025-09-01,144.65,118.91,107.04
PROV_0011,2025-10-01,156.51,116.42,140.51
PROV_0011,2025-11-01,161.78,133.64,145.47
PROV_0011,2025-12-01,156.08,129.7,112.81
PROV_0011,2026-01-01,142.88,122.34,104.92
PROV_0011,2026-02-01,155.74,113.09,110.62
PROV_0011,2026-03-01,161.75,150.86,137.91
PROV_0011,2026-04-01,153.83,121.0,110.47
PROV_0011,2026-05-01,156.35,140.07,127.57
PROV_0011,2026-06-01,141.38,111.24,114.62
PROV_0012,2024-07-01,81.21,50.05,67.45
PROV_0012,2024-08-01,74.94,58.72,59.03
PROV_0012,2024-09-01,77.39,52.58,59.47
PROV_0012,2024-10-01,78.86,58.85,60.26
PROV_0012,2024-11-01,79.32,58.89,55.79
PROV_0012,2024-12-01,81.19,62.8,62.4
PROV_0012,2025-01-01,73.75,52.97,53.75
PROV_0012,2025-02-01,73.12,46.95,55.05
PROV_0012,2025-03-01,78.16,57.02,57.61
PROV_0012,2025-04-01,73.46,60.83,51.65
PROV_0012,2025-05-01,76.77,63.09,66.78
PROV_0012,2025-06-01,72.62,50.14,59.07
PROV_0012,2025-07-01,72.42,51.77,55.03
PROV_0012,2025-08-01,74.07,61.27,54.31
PROV_0012,2025-09-01,78.64,65.33,70.32
PROV_0012,2025-10-01,80.53,58.86,68.67
PROV_0012,2025-11-01,78.73,58.2,68.64
PROV_0012,2025-12-01,74.14,45.47,57.67
PROV_0012,2026-01-01,78.72,48.58,66.86
PROV_0012,2026-02-01,71.52,55.24,57.39
PROV_0012,2026-03-01,76.25,48.2,53.81
PROV_0012,2026-04-01,80.37,56.2,66.37
PROV_0012,2026-05-01,75.99,56.61,67.34
PROV_0012,2026-06-01,77.84,49.69,61.15
PROV_0013,2024-07-01,163.0,146.64,145.95
PROV_0013,2024-08-01,141.55,110.05,104.79
PROV_0013,2024-09-01,155.33,151.81,131.26
PROV_0013,2024-10-01,161.21,135.94,118.52
PROV_0013,2024-11-01,159.6,131.62,126.0
PROV_0013,2024-12-01,152.85,129.14,114.73
PROV_0013,2025-01-01,157.98,125.19,123.93
PROV_0013,2025-02-01,156.62,141.74,123.55
PROV_0013,2025-03-01,157.55,134.07,117.84
PROV_0013,2025-04-01,158.61,135.7,120.12
PROV_0013,2025-05-01,148.28,127.16,118.78
PROV_0013,2025-06-01,161.17,132.52,139.95
PROV_0013,2025-07-01,149.73,117.01,134.45
PROV_0013,2025-08-01,160.32,136.72,135.12
PROV_0013,2025-09-01,150.32,135.33,124.54
PROV_0013,2025-10-01,141.86,121.4,111.28
PROV_0013,2025-11-01,147.38,124.09,130.64
PROV_0013,2025-12-01,152.32,139.27,118.02
PROV_0013,2026-01-01,163.16,146.93,122.66
PROV_0013,2026-02-01,154.89,135.41,128.73
PROV_0013,2026-03-01,162.37,137.13,116.88
PROV_0013,2026-04-01,150.81,120.45,111.25
PROV_0013,2026-05-01,146.79,122.99,117.04
PROV_0013,2026-06-01,161.36,145.09,122.41
PROV_0014,2024-07-01,117.75,105.3,102.12
PROV_0014,2024-08-01,128.2,106.34,101.48
PROV_0014,2024-09-01,125.39,103.98,93.52
PROV_0014,2024-10-01,116.18,101.56,102.36
PROV_0014,2024-11-01,121.56,113.19,90.61
PROV_0014,2024-12-01,116.22,106.85,102.35
PROV_0014,2025-01-01,128.16,98.91,110.07
PROV_0014,2025-02-01,114.83,86.31,92.68
PROV_0014,2025-03-01,114.5,92.78,91.2
PROV_0014,2025-04-01,130.19,123.6,92.08
PROV_0014,2025-05-01,127.82,110.39,94.22
PROV_0014,2025-06-01,123.89,122.56,91.01
PROV_0014,2025-07-01,119.66,112.1,86.54
PROV_0014,2025-08-01,118.14,95.3,104.07
PROV_0014,2025-09-01,130.44,118.52,110.51
PROV_0014,2025-10-01,113.33,91.28,87.3
PROV_0014,2025-11-01,127.03,101.22,91.49
PROV_0014,2025-12-01,113.64,96.09,96.28
PROV_0014,2026-01-01,123.08,104.61,89.41
PROV_0014,2026-02-01,117.71,104.65,99.83
PROV_0014,2026-03-01,125.93,114.61,98.08
PROV_0014,2026-04-01,123.09,127.19,97.27
PROV_0014,2026-05-01,124.04,121.38,110.77
PROV_0014,2026-06-01,114.85,90.28,91.0
PROV_0015,2024-07-01,111.05,88.41,95.35
PROV_0015,2024-08-01,112.95,101.24,79.32
PROV_0015,2024-09-01,110.55,103.44,77.75
PROV_0015,2024-10-01,113.69,101.81,96.85
PROV_0015,2024-11-01,118.86,110.28,95.96
PROV_0015,2024-12-01,107.31,83.76,81.61
PROV_0015,2025-01-01,116.19,103.4,89.22
PROV_0015,2025-02-01,109.71,97.19,81.58
PROV_0015,2025-03-01,106.4,90.39,94.84
PROV_0015,2025-04-01,112.33,101.5,92.46
PROV_0015,2025-05-01,115.04,103.64,93.73
PROV_0015,2025-06-01,106.25,93.83,89.94
PROV_0015,2025-07-01,122.36,106.27,109.8
PROV_0015,2025-08-01,113.33,88.2,82.04
PROV_0015,2025-09-01,119.55,116.62,101.98
PROV_0015,2025-10-01,113.58,100.07,82.9
PROV_0015,2025-11-01,115.46,99.57,88.51
PROV_0015,2025-12-01,107.98,90.64,76.84
PROV_0015,2026-01-01,122.09,96.65,97.95
PROV_0015,2026-02-01,113.28,93.21,91.84
PROV_0015,2026-03-01,108.64,102.93,79.86
PROV_0015,2026-04-01,118.55,85.58,99.63
PROV_0015,2026-05-01,111.8,107.53,94.68
PROV_0015,2026-06-01,113.94,103.14,84.28
PROV_0016,2024-07-01,96.21,80.66,75.4
PROV_0016,2024-08-01,92.8,82.97,82.17
PROV_0016,2024-09-01,89.91,86.73,64.14
PROV_0016,2024-10-01,91.55,78.65,72.08
PROV_0016,2024-11-01,95.56,86.79,83.34
PROV_0016,2024-12-01,89.07,70.64,67.11
PROV_0016,2025-01-01,93.31,70.02,71.7
PROV_0016,2025-02-01,96.11,85.87,73.94
PROV_0016,2025-03-01,90.78,73.4,71.27
PROV_0016,2025-04-01,88.86,76.66,73.52
PROV_0016,2025-05-01,86.34,79.04,61.99
PROV_0016,2025-06-01,92.43,89.79,81.95
PROV_0016,2025-07-01,96.08,82.82,86.16
PROV_0016,2025-08-01,85.92,65.36,68.37
PROV_0016,2025-09-01,85.25,70.92,61.05
PROV_0016,2025-10-01,91.26,70.94,76.61
PROV_0016,2025-11-01,88.51,73.06,66.42
PROV_0016,2025-12-01,87.14,77.1,77.63
PROV_0016,2026-01-01,95.07,79.52,81.02
PROV_0016,2026-02-01,87.98,72.1,65.47
PROV_0016,2026-03-01,88.2,82.32,78.91
PROV_0016,2026-04-01,88.97,80.83,64.22
PROV_0016,2026-05-01,89.57,75.64,76.83
PROV_0016,2026-06-01,93.08,79.59,82.75
PROV_0017,2024-07-01,161.56,130.74,130.71
PROV_0017,2024-08-01,153.31,110.45,125.83
PROV_0017,2024-09-01,162.96,120.03,131.11
PROV_0017,2024-10-01,141.6,101.18,99.4
PROV_0017,2024-11-01,158.53,129.59,113.51
PROV_0017,2024-12-01,151.14,128.41,130.17
PROV_0017,2025-01-01,142.75,110.51,124.57
PROV_0017,2025-02-01,160.65,150.45,133.07
PROV_0017,2025-03-01,149.41,128.26,116.99
PROV_0017,2025-04-01,146.01,117.59,102.88
PROV_0017,2025-05-01,158.13,148.71,118.75
PROV_0017,2025-06-01,154.05,123.15,122.47
PROV_0017,2025-07-01,160.11,123.16,133.09
PROV_0017,2025-08-01,143.24,129.64,127.2
PROV_0017,2025-09-01,153.97,128.77,120.23
PROV_0017,2025-10-01,157.06,117.78,136.04
PROV_0017,2025-11-01,141.07,117.53,120.72
PROV_0017,2025-12-01,159.22,136.29,122.9
PROV_0017,2026-01-01,143.15,125.09,109.23
PROV_0017,2026-02-01,141.63,112.71,111.42
PROV_0017,2026-03-01,149.19,123.61,133.44
PROV_0017,2026-04-01,149.41,119.15,127.63
PROV_0017,2026-05-01,154.31,128.98,113.24
PROV_0017,2026-06-01,152.87,121.52,127.17
PROV_0018,2024-07-01,121.74,103.65,105.5
PROV_0018,2024-08-01,106.25,94.0,76.56
PROV_0018,2024-09-01,122.05,99.57,86.16
PROV_0018,2024-10-01,109.1,85.48,77.58
PROV_0018,2024-11-01,120.1,93.41,90.75
PROV_0018,2024-12-01,106.86,96.64,92.94
PROV_0018,2025-01-01,119.56,96.68,101.2
PROV_0018,2025-02-01,119.97,107.12,87.73
PROV_0018,2025-03-01,110.87,90.89,78.76
PROV_0018,2025-04-01,117.1,97.11,83.87
PROV_0018,2025-05-01,111.76,81.76,84.51
PROV_0018,2025-06-01,107.39,92.5,91.68
PROV_0018,2025-07-01,119.07,95.8,83.56
PROV_0018,2025-08-01,112.91,91.95,90.98
PROV_0018,2025-09-01,106.06,95.61,85.98
PROV_0018,2025-10-01,121.4,93.81,96.66
PROV_0018,2025-11-01,108.68,94.33,87.85
PROV_0018,2025-12-01,121.72,93.86,89.92
PROV_0018,2026-01-01,108.09,92.04,88.96
PROV_0018,2026-02-01,120.24,109.18,85.75
PROV_0018,2026-03-01,116.8,91.81,92.35
PROV_0018,2026-04-01,112.74,95.91,91.37
PROV_0018,2026-05-01,120.52,101.29,90.22
PROV_0018,2026-06-01,118.29,96.31,102.94
PROV_0019,2024-07-01,148.12,120.21,112.1
PROV_0019,2024-08-01,160.94,143.22,123.74
PROV_0019,2024-09-01,152.14,128.45,133.99
PROV_0019,2024-10-01,151.92,144.73,113.27
PROV_0019,2024-11-01,151.87,142.79,131.3
PROV_0019,2024-12-01,162.15,133.47,117.27
PROV_0019,2025-01-01,159.16,126.49,130.06
PROV_0019,2025-02-01,151.72,130.09,129.07
PROV_0019,2025-03-01,148.02,139.48,104.83
PROV_0019,2025-04-01,158.37,144.44,134.23
PROV_0019,2025-05-01,146.81,126.98,120.31
PROV_0019,2025-06-01,146.03,124.74,123.2
PROV_0019,2025-07-01,152.26,139.23,130.36
PROV_0019,2025-08-01,143.03,118.97,110.01
PROV_0019,2025-09-01,141.42,126.23,114.91
PROV_0019,2025-10-01,161.38,131.72,127.19
PROV_0019,2025-11-01,152.17,130.0,123.96
PROV_0019,2025-12-01,145.83,130.22,123.38
PROV_0019,2026-01-01,141.24,135.94,112.6
PROV_0019,2026-02-01,147.7,138.04,126.08
PROV_0019,2026-03-01,147.47,129.15,111.76
PROV_0019,2026-04-01,154.79,116.9,110.7
PROV_0019,2026-05-01,159.59,136.08,114.33
PROV_0019,2026-06-01,150.07,130.7,123.28
PROV_0020,2024-07-01,150.4,142.65,121.33
PROV_0020,2024-08-01,155.34,130.04,115.83
PROV_0020,2024-09-01,156.64,138.12,113.79
PROV_0020,2024-10-01,156.18,140.36,118.12
PROV_0020,2024-11-01,152.38,134.1,113.35
PROV_0020,2024-12-01,152.26,143.32,125.24
PROV_0020,2025-01-01,146.96,139.64,129.91
PROV_0020,2025-02-01,141.19,128.75,105.35
PROV_0020,2025-03-01,153.49,144.18,113.59
PROV_0020,2025-04-01,151.78,142.55,134.04
PROV_0020,2025-05-01,151.81,138.69,131.66
PROV_0020,2025-06-01,153.48,122.14,112.74
PROV_0020,2025-07-01,152.2,147.33,119.74
PROV_0020,2025-08-01,153.43,136.7,122.54
PROV_0020,2025-09-01,147.25,134.63,115.08
PROV_0020,2025-10-01,158.64,134.07,112.46
PROV_0020,2025-11-01,151.85,133.05,125.63
PROV_0020,2025-12-01,152.73,147.46,120.73
PROV_0020,2026-01-01,147.55,137.21,109.26
PROV_0020,2026-02-01,142.5,130.27,122.04
PROV_0020,2026-03-01,150.9,138.36,135.05
PROV_0020,2026-04-01,152.58,143.45,111.83
PROV_0020,2026-05-01,154.23,114.31,132.52
PROV_0020,2026-06-01,153.58,134.98,119.6
PROV_0021,2024-07-01,128.09,112.54,89.87
PROV_0021,2024-08-01,129.02,110.13,97.66
PROV_0021,2024-09-01,128.86,106.89,105.35
PROV_0021,2024-10-01,116.11,107.76,88.99
PROV_0021,2024-11-01,115.81,106.08,88.89
PROV_0021,2024-12-01,115.97,94.07,82.55
PROV_0021,2025-01-01,128.32,108.8,101.41
PROV_0021,2025-02-01,128.8,113.2,95.21
PROV_0021,2025-03-01,121.42,97.06,104.62
PROV_0021,2025-04-01,119.15,91.19,85.5
PROV_0021,2025-05-01,114.59,104.26,89.68
PROV_0021,2025-06-01,115.77,92.98,94.09
PROV_0021,2025-07-01,124.22,91.59,105.52
PROV_0021,2025-08-01,128.23,108.38,100.98
PROV_0021,2025-09-01,121.26,110.12,89.39
PROV_0021,2025-10-01,119.94,105.66,99.9
PROV_0021,2025-11-01,121.29,97.97,85.73
PROV_0021,2025-12-01,127.43,83.63,97.32
PROV_0021,2026-01-01,116.12,109.43,95.63
PROV_0021,2026-02-01,130.13,90.62,103.51
PROV_0021,2026-03-01,118.49,91.25,92.16
PROV_0021,2026-04-01,130.13,111.71,106.76
PROV_0021,2026-05-01,120.85,110.59,100.67
PROV_0021,2026-06-01,125.44,109.8,95.99
PROV_0022,2024-07-01,142.26,149.37,109.04
PROV_0022,2024-08-01,156.6,126.31,111.46
PROV_0022,2024-09-01,152.82,139.29,111.56
PROV_0022,2024-10-01,144.39,136.64,121.01
PROV_0022,2024-11-01,142.71,120.92,125.15
PROV_0022,2024-12-01,146.34,145.53,119.52
PROV_0022,2025-01-01,161.59,154.25,131.01
PROV_0022,2025-02-01,160.68,161.74,143.02
PROV_0022,2025-03-01,156.77,150.06,110.02
PROV_0022,2025-04-01,154.76,157.51,132.28
PROV_0022,2025-05-01,151.22,150.16,111.49
PROV_0022,2025-06-01,151.39,146.36,108.79
PROV_0022,2025-07-01,161.22,157.37,117.01
PROV_0022,2025-08-01,156.21,141.88,115.5
PROV_0022,2025-09-01,160.21,162.35,139.39
PROV_0022,2025-10-01,149.58,143.87,117.52
PROV_0022,2025-11-01,163.08,153.57,143.45
PROV_0022,2025-12-01,155.58,153.51,131.03
PROV_0022,2026-01-01,151.8,130.95,136.11
PROV_0022,2026-02-01,157.99,150.13,119.6
PROV_0022,2026-03-01,153.58,146.8,114.89
PROV_0022,2026-04-01,154.9,142.33,111.81
PROV_0022,2026-05-01,153.35,161.02,124.9
PROV_0022,2026-06-01,141.64,116.89,125.19
PROV_0023,2024-07-01,77.09,70.03,67.87
PROV_0023,2024-08-01,80.69,76.57,63.49
PROV_0023,2024-09-01,77.44,65.6,58.82
PROV_0023,2024-10-01,75.17,64.07,59.0
PROV_0023,2024-11-01,74.6,67.67,62.08
PROV_0023,2024-12-01,71.44,61.21,55.55
PROV_0023,2025-01-01,80.71,66.78,63.08
PROV_0023,2025-02-01,78.07,67.17,65.6
PROV_0023,2025-03-01,79.83,56.78,61.86
PROV_0023,2025-04-01,79.37,59.9,63.94
PROV_0023,2025-05-01,77.03,68.45,65.06
PROV_0023,2025-06-01,75.37,67.18,66.12
PROV_0023,2025-07-01,76.39,68.25,58.97
PROV_0023,2025-08-01,72.17,58.53,55.05
PROV_0023,2025-09-01,76.68,67.05,68.39
PROV_0023,2025-10-01,74.98,64.9,56.31
PROV_0023,2025-11-01,76.54,66.87,59.44
PROV_0023,2025-12-01,74.01,63.6,55.39
PROV_0023,2026-01-01,76.24,63.35,58.93
PROV_0023,2026-02-01,71.58,56.06,50.39
PROV_0023,2026-03-01,72.29,63.0,52.98
PROV_0023,2026-04-01,74.87,66.1,63.05
PROV_0023,2026-05-01,75.8,59.85,65.42
PROV_0023,2026-06-01,78.78,61.11,61.84
PROV_0024,2024-07-01,149.95,114.99,107.83
PROV_0024,2024-08-01,141.9,96.1,120.39
PROV_0024,2024-09-01,154.57,111.61,138.4
PROV_0024,2024-10-01,154.6,100.23,113.05
PROV_0024,2024-11-01,154.27,122.32,122.42
PROV_0024,2024-12-01,156.71,122.14,113.45
PROV_0024,2025-01-01,152.96,126.8,128.86
PROV_0024,2025-02-01,154.69,106.86,135.98
PROV_0024,2025-03-01,143.29,96.2,106.77
PROV_0024,2025-04-01,158.43,120.66,127.74
PROV_0024,2025-05-01,149.27,124.67,125.35
PROV_0024,2025-06-01,146.17,118.34,105.28
PROV_0024,2025-07-01,150.02,107.52,129.45
PROV_0024,2025-08-01,145.78,102.35,122.32
PROV_0024,2025-09-01,146.66,97.77,113.8
PROV_0024,2025-10-01,144.23,107.67,112.3
PROV_0024,2025-11-01,152.87,98.92,114.47
PROV_0024,2025-12-01,149.52,92.95,124.21
PROV_0024,2026-01-01,158.56,128.75,120.66
PROV_0024,2026-02-01,148.26,118.77,108.86
PROV_0024,2026-03-01,154.85,97.91,114.36
PROV_0024,2026-04-01,145.72,101.44,128.63
PROV_0024,2026-05-01,162.03,113.85,123.75
PROV_0024,2026-06-01,154.02,113.9,123.6
PROV_0025,2024-07-01,148.47,131.53,120.75
PROV_0025,2024-08-01,144.51,134.46,107.33
PROV_0025,2024-09-01,149.52,133.81,123.45
PROV_0025,2024-10-01,142.03,131.92,127.17
PROV_0025,2024-11-01,150.08,139.12,106.82
PROV_0025,2024-12-01,145.93,127.17,114.08
PROV_0025,2025-01-01,151.66,124.44,127.1
PROV_0025,2025-02-01,150.16,141.89,133.09
PROV_0025,2025-03-01,153.85,152.45,127.31
PROV_0025,2025-04-01,146.11,133.33,115.42
PROV_0025,2025-05-01,152.33,125.52,111.79
PROV_0025,2025-06-01,142.26,123.24,104.17
PROV_0025,2025-07-01,162.84,138.03,125.95
PROV_0025,2025-08-01,142.04,141.93,125.88
PROV_0025,2025-09-01,148.95,143.66,115.09
PROV_0025,2025-10-01,154.85,141.86,132.44
PROV_0025,2025-11-01,160.84,149.02,134.68
PROV_0025,2025-12-01,141.48,115.12,119.28
PROV_0025,2026-01-01,161.37,136.96,114.68
PROV_0025,2026-02-01,154.44,121.98,111.7
PROV_0025,2026-03-01,151.49,129.65,135.89
PROV_0025,2026-04-01,161.14,128.72,121.93
PROV_0025,2026-05-01,154.49,121.79,116.65
PROV_0025,2026-06-01,162.22,143.43,120.47
PROV_0026,2024-07-01,153.51,146.22,112.1
PROV_0026,2024-08-01,153.65,125.59,128.43
PROV_0026,2024-09-01,142.13,133.42,103.43
PROV_0026,2024-10-01,147.57,133.21,132.67
PROV_0026,2024-11-01,150.15,122.22,124.48
PROV_0026,2024-12-01,155.53,137.02,110.69
PROV_0026,2025-01-01,159.71,145.3,123.74
PROV_0026,2025-02-01,149.56,137.92,118.55
PROV_0026,2025-03-01,143.46,133.96,114.8
PROV_0026,2025-04-01,147.21,136.14,103.19
PROV_0026,2025-05-01,160.21,154.51,117.81
PROV_0026,2025-06-01,154.06,142.49,112.71
PROV_0026,2025-07-01,155.7,145.99,114.37
PROV_0026,2025-08-01,155.24,143.68,131.55
PROV_0026,2025-09-01,151.55,146.85,131.52
PROV_0026,2025-10-01,162.96,137.17,135.12
PROV_0026,2025-11-01,150.74,134.84,123.07
PROV_0026,2025-12-01,161.74,158.42,144.19
PROV_0026,2026-01-01,142.6,125.3,100.88
PROV_0026,2026-02-01,146.65,125.12,102.84
PROV_0026,2026-03-01,143.07,142.21,125.77
PROV_0026,2026-04-01,156.86,133.91,121.35
PROV_0026,2026-05-01,141.33,138.43,100.36
PROV_0026,2026-06-01,145.49,124.85,105.54
PROV_0027,2024-07-01,93.65,85.99,75.21
PROV_0027,2024-08-01,88.87,87.49,66.49
PROV_0027,2024-09-01,91.17,87.55,70.15
PROV_0027,2024-10-01,92.3,85.02,67.24
PROV_0027,2024-11-01,91.85,79.42,75.73
PROV_0027,2024-12-01,97.59,89.01,80.1
PROV_0027,2025-01-01,95.23,85.32,82.81
PROV_0027,2025-02-01,88.81,84.21,72.04
PROV_0027,2025-03-01,95.23,83.57,82.18
PROV_0027,2025-04-01,86.89,83.56,74.96
PROV_0027,2025-05-01,97.43,94.96,85.28
PROV_0027,2025-06-01,85.68,79.85,67.51
PROV_0027,2025-07-01,89.78,84.79,64.1
PROV_0027,2025-08-01,85.61,82.33,71.09
PROV_0027,2025-09-01,85.85,82.93,71.27
PROV_0027,2025-10-01,89.43,76.22,67.05
PROV_0027,2025-11-01,89.42,69.53,77.24
PROV_0027,2025-12-01,86.97,85.06,70.71
PROV_0027,2026-01-01,92.27,85.89,80.02
PROV_0027,2026-02-01,91.83,74.93,70.15
PROV_0027,2026-03-01,97.01,86.57,71.44
PROV_0027,2026-04-01,95.78,83.91,77.44
PROV_0027,2026-05-01,96.71,87.61,82.06
PROV_0027,2026-06-01,92.27,89.06,80.27
PROV_0028,2024-07-01,159.35,140.25,116.6
PROV_0028,2024-08-01,144.87,121.0,115.61
PROV_0028,2024-09-01,153.77,136.58,117.81
PROV_0028,2024-10-01,144.48,122.16,108.26
PROV_0028,2024-11-01,147.22,131.09,132.09
PROV_0028,2024-12-01,150.32,123.21,127.85
PROV_0028,2025-01-01,146.11,123.05,103.17
PROV_0028,2025-02-01,148.94,130.72,123.73
PROV_0028,2025-03-01,157.92,140.02,136.06
PROV_0028,2025-04-01,158.38,125.54,133.18
PROV_0028,2025-05-01,146.79,137.99,120.32
PROV_0028,2025-06-01,151.52,134.99,134.49
PROV_0028,2025-07-01,142.12,118.57,104.64
PROV_0028,2025-08-01,162.04,153.44,113.91
PROV_0028,2025-09-01,145.26,141.6,106.63
PROV_0028,2025-10-01,150.15,145.09,111.79
PROV_0028,2025-11-01,163.15,140.13,126.59
PROV_0028,2025-12-01,156.86,125.75,123.58
PROV_0028,2026-01-01,156.7,153.65,115.13
PROV_0028,2026-02-01,149.47,144.27,127.25
PROV_0028,2026-03-01,141.4,125.39,108.53
PROV_0028,2026-04-01,161.06,135.75,115.44
PROV_0028,2026-05-01,147.0,121.64,123.66
PROV_0028,2026-06-01,156.47,131.16,113.21
PROV_0029,2024-07-01,151.7,128.37,128.92
PROV_0029,2024-08-01,150.68,153.1,124.68
PROV_0029,2024-09-01,143.67,120.44,106.2
PROV_0029,2024-10-01,150.69,121.02,122.22
PROV_0029,2024-11-01,142.2,110.94,106.94
PROV_0029,2024-12-01,162.86,148.44,142.19
PROV_0029,2025-01-01,145.74,138.55,114.91
PROV_0029,2025-02-01,162.04,135.53,118.42
PROV_0029,2025-03-01,147.19,125.96,126.72
PROV_0029,2025-04-01,162.33,149.03,127.12
PROV_0029,2025-05-01,153.02,125.41,124.91
PROV_0029,2025-06-01,158.89,127.77,134.14
PROV_0029,2025-07-01,153.9,115.81,123.28
PROV_0029,2025-08-01,146.14,123.2,112.53
PROV_0029,2025-09-01,141.1,113.77,106.06
PROV_0029,2025-10-01,150.23,126.85,107.12
PROV_0029,2025-11-01,143.45,120.75,111.86
PROV_0029,2025-12-01,146.2,121.37,131.57
PROV_0029,2026-01-01,145.87,131.19,130.97
PROV_0029,2026-02-01,155.7,139.62,126.11
PROV_0029,2026-03-01,153.42,115.47,120.91
PROV_0029,2026-04-01,160.55,136.56,126.89
PROV_0029,2026-05-01,160.59,134.03,139.43
PROV_0029,2026-06-01,157.35,122.41,124.45
PROV_0030,2024-07-01,159.65,154.07,130.67
PROV_0030,2024-08-01,146.38,122.61,102.82
PROV_0030,2024-09-01,149.65,143.15,131.03
PROV_0030,2024-10-01,156.75,157.55,117.91
PROV_0030,2024-11-01,148.06,131.11,127.54
PROV_0030,2024-12-01,160.92,136.34,118.5
PROV_0030,2025-01-01,144.08,136.38,110.39
PROV_0030,2025-02-01,151.12,158.68,108.7
PROV_0030,2025-03-01,156.56,142.91,129.69
PROV_0030,2025-04-01,146.46,130.04,113.22
PROV_0030,2025-05-01,154.75,147.49,138.9
PROV_0030,2025-06-01,158.43,140.93,128.45
PROV_0030,2025-07-01,147.43,140.28,113.98
PROV_0030,2025-08-01,154.8,142.28,118.18
PROV_0030,2025-09-01,160.65,160.24,132.49
PROV_0030,2025-10-01,158.85,158.4,115.61
PROV_0030,2025-11-01,159.86,135.69,141.1
PROV_0030,2025-12-01,157.81,153.08,131.79
PROV_0030,2026-01-01,162.34,135.06,119.63
PROV_0030,2026-02-01,155.97,151.8,115.62
PROV_0030,2026-03-01,160.01,161.16,117.61
PROV_0030,2026-04-01,154.19,136.35,125.43
PROV_0030,2026-05-01,145.87,136.8,109.92
PROV_0030,2026-06-01,150.42,134.83,111.12
PROV_0031,2024-07-01,152.06,144.8,120.0
PROV_0031,2024-08-01,157.97,137.63,140.56
PROV_0031,2024-09-01,145.29,129.26,105.13
PROV_0031,2024-10-01,144.83,119.88,103.95
PROV_0031,2024-11-01,151.82,120.71,120.19
PROV_0031,2024-12-01,161.02,150.17,144.44
PROV_0031,2025-01-01,144.22,133.39,107.12
PROV_0031,2025-02-01,145.32,133.47,125.59
PROV_0031,2025-03-01,149.29,131.75,116.95
PROV_0031,2025-04-01,155.94,131.37,114.52
PROV_0031,2025-05-01,143.24,130.54,127.67
PROV_0031,2025-06-01,153.19,132.74,135.24
PROV_0031,2025-07-01,156.87,137.11,137.25
PROV_0031,2025-08-01,151.2,126.07,123.32
PROV_0031,2025-09-01,142.15,121.17,127.59
PROV_0031,2025-10-01,147.03,130.47,121.47
PROV_0031,2025-11-01,160.43,161.24,129.43
PROV_0031,2025-12-01,147.91,125.0,125.3
PROV_0031,2026-01-01,161.93,153.96,128.1
PROV_0031,2026-02-01,153.82,146.71,137.53
PROV_0031,2026-03-01,154.55,139.83,132.09
PROV_0031,2026-04-01,145.94,127.89,122.46
PROV_0031,2026-05-01,147.22,126.68,116.77
PROV_0031,2026-06-01,148.23,121.47,130.37
PROV_0032,2024-07-01,143.27,128.5,121.3
PROV_0032,2024-08-01,141.97,129.95,101.19
PROV_0032,2024-09-01,144.16,145.08,101.86
PROV_0032,2024-10-01,152.3,149.76,111.81
PROV_0032,2024-11-01,151.28,130.79,113.35
PROV_0032,2024-12-01,152.32,133.75,131.21
PROV_0032,2025-01-01,148.5,137.05,109.04
PROV_0032,2025-02-01,148.0,145.77,128.75
PROV_0032,2025-03-01,161.56,162.96,135.96
PROV_0032,2025-04-01,158.85,147.79,132.67
PROV_0032,2025-05-01,146.66,141.57,106.08
PROV_0032,2025-06-01,162.83,170.97,118.9
PROV_0032,2025-07-01,162.55,155.19,137.6
PROV_0032,2025-08-01,156.26,127.28,116.5
PROV_0032,2025-09-01,144.8,137.24,128.28
PROV_0032,2025-10-01,149.65,137.46,112.06
PROV_0032,2025-11-01,158.25,166.16,127.55
PROV_0032,2025-12-01,160.56,140.37,124.34
PROV_0032,2026-01-01,141.63,129.79,126.04
PROV_0032,2026-02-01,145.3,134.73,110.06
PROV_0032,2026-03-01,155.83,144.48,132.32
PROV_0032,2026-04-01,152.44,152.71,119.4
PROV_0032,2026-05-01,148.57,156.0,104.24
PROV_0032,2026-06-01,140.93,143.09,121.91
PROV_0033,2024-07-01,127.1,113.76,96.01
PROV_0033,2024-08-01,121.18,121.04,90.55
PROV_0033,2024-09-01,122.07,116.12,100.35
PROV_0033,2024-10-01,117.97,106.35,88.55
PROV_0033,2024-11-01,123.13,100.57,103.49
PROV_0033,2024-12-01,130.49,125.13,116.71
PROV_0033,2025-01-01,114.04,98.67,99.64
PROV_0033,2025-02-01,113.99,106.3,101.3
PROV_0033,2025-03-01,123.11,108.74,108.98
PROV_0033,2025-04-01,117.96,107.05,90.86
PROV_0033,2025-05-01,124.96,106.58,89.0
PROV_0033,2025-06-01,113.06,91.6,82.86
PROV_0033,2025-07-01,114.17,108.62,86.15
PROV_0033,2025-08-01,127.8,122.65,108.36
PROV_0033,2025-09-01,117.86,101.71,99.46
PROV_0033,2025-10-01,123.82,116.28,108.04
PROV_0033,2025-11-01,122.23,101.67,85.73
PROV_0033,2025-12-01,126.8,119.7,105.65
PROV_0033,2026-01-01,123.91,116.29,88.51
PROV_0033,2026-02-01,126.91,101.55,98.18
PROV_0033,2026-03-01,120.06,105.07,92.59
PROV_0033,2026-04-01,118.29,99.93,89.58
PROV_0033,2026-05-01,121.79,120.13,86.38
PROV_0033,2026-06-01,117.64,108.58,103.1
PROV_0034,2024-07-01,118.21,103.77,103.95
PROV_0034,2024-08-01,119.04,111.81,85.4
PROV_0034,2024-09-01,115.19,82.76,93.83
PROV_0034,2024-10-01,122.96,104.3,95.32
PROV_0034,2024-11-01,119.46,91.76,87.21
PROV_0034,2024-12-01,125.01,99.09,100.97
PROV_0034,2025-01-01,117.42,87.42,84.89
PROV_0034,2025-02-01,130.39,123.5,92.04
PROV_0034,2025-03-01,118.92,100.42,97.11
PROV_0034,2025-04-01,120.04,95.55,99.44
PROV_0034,2025-05-01,113.35,96.32,94.01
PROV_0034,2025-06-01,128.54,108.75,107.64
PROV_0034,2025-07-01,112.9,91.56,87.82
PROV_0034,2025-08-01,118.76,89.22,85.81
PROV_0034,2025-09-01,125.22,91.26,111.3
PROV_0034,2025-10-01,129.93,107.95,105.85
PROV_0034,2025-11-01,122.29,90.05,94.8
PROV_0034,2025-12-01,116.3,97.03,88.2
PROV_0034,2026-01-01,121.52,99.62,92.29
PROV_0034,2026-02-01,118.1,89.24,102.61
PROV_0034,2026-03-01,126.08,96.76,102.21
PROV_0034,2026-04-01,128.73,99.73,91.77
PROV_0034,2026-05-01,128.06,93.79,104.6
PROV_0034,2026-06-01,119.28,107.76,106.77
PROV_0035,2024-07-01,156.03,125.77,122.27
PROV_0035,2024-08-01,147.34,131.23,129.76
PROV_0035,2024-09-01,150.42,130.71,110.9
PROV_0035,2024-10-01,154.79,141.86,114.76
PROV_0035,2024-11-01,155.0,113.69,122.15
PROV_0035,2024-12-01,148.89,126.85,110.34
PROV_0035,2025-01-01,142.07,118.65,113.88
PROV_0035,2025-02-01,162.62,148.35,138.29
PROV_0035,2025-03-01,149.69,133.72,134.57
PROV_0035,2025-04-01,152.39,134.57,136.57
PROV_0035,2025-05-01,159.39,137.87,114.65
PROV_0035,2025-06-01,140.83,115.42,106.16
PROV_0035,2025-07-01,149.23,127.56,109.53
PROV_0035,2025-08-01,153.56,139.43,123.18
PROV_0035,2025-09-01,142.58,126.22,114.36
PROV_0035,2025-10-01,147.93,126.85,119.89
PROV_0035,2025-11-01,148.16,124.01,107.07
PROV_0035,2025-12-01,143.96,134.81,102.99
PROV_0035,2026-01-01,162.81,131.96,118.5
PROV_0035,2026-02-01,162.75,129.38,140.6
PROV_0035,2026-03-01,143.75,133.93,102.83
PROV_0035,2026-04-01,142.48,123.74,106.9
PROV_0035,2026-05-01,161.19,155.54,124.81
PROV_0035,2026-06-01,151.65,137.69,110.59
PROV_0036,2024-07-01,158.99,137.04,124.33
PROV_0036,2024-08-01,151.15,150.95,128.01
PROV_0036,2024-09-01,159.19,140.31,111.94
PROV_0036,2024-10-01,153.55,130.94,112.96
PROV_0036,2024-11-01,162.84,142.07,122.56
PROV_0036,2024-12-01,141.31,118.49,126.94
PROV_0036,2025-01-01,159.08,130.69,131.9
PROV_0036,2025-02-01,158.75,145.18,119.96
PROV_0036,2025-03-01,154.29,135.6,116.75
PROV_0036,2025-04-01,149.89,143.5,131.23
PROV_0036,2025-05-01,155.27,127.9,137.77
PROV_0036,2025-06-01,152.09,137.93,111.25
PROV_0036,2025-07-01,143.41,125.81,122.02
PROV_0036,2025-08-01,161.25,135.38,119.63
PROV_0036,2025-09-01,143.94,121.41,113.86
PROV_0036,2025-10-01,142.7,103.99,104.73
PROV_0036,2025-11-01,145.08,119.92,107.14
PROV_0036,2025-12-01,147.82,129.45,123.49
PROV_0036,2026-01-01,147.45,135.76,109.16
PROV_0036,2026-02-01,153.88,121.89,122.41
PROV_0036,2026-03-01,151.25,135.15,110.86
PROV_0036,2026-04-01,155.51,143.2,138.32
PROV_0036,2026-05-01,162.68,136.87,119.1
PROV_0036,2026-06-01,156.29,151.23,137.91
PROV_0037,2024-07-01,74.36,61.3,60.16
PROV_0037,2024-08-01,79.29,72.9,69.25
PROV_0037,2024-09-01,70.75,58.82,49.88
PROV_0037,2024-10-01,78.88,66.48,60.95
PROV_0037,2024-11-01,73.88,66.08,65.89
PROV_0037,2024-12-01,71.28,57.22,63.17
PROV_0037,2025-01-01,72.31,61.43,61.32
PROV_0037,2025-02-01,78.36,70.8,61.36
PROV_0037,2025-03-01,74.17,60.42,52.5
PROV_0037,2025-04-01,78.27,64.26,60.72
PROV_0037,2025-05-01,75.31,62.92,65.14
PROV_0037,2025-06-01,73.55,70.83,53.16
PROV_0037,2025-07-01,74.33,65.65,57.54
PROV_0037,2025-08-01,72.73,69.17,62.02
PROV_0037,2025-09-01,75.29,64.13,67.57
PROV_0037,2025-10-01,81.16,74.76,64.0
PROV_0037,2025-11-01,73.98,71.78,62.73
PROV_0037,2025-12-01,81.47,65.81,68.56
PROV_0037,2026-01-01,70.77,56.09,62.6
PROV_0037,2026-02-01,75.84,60.73,58.43
PROV_0037,2026-03-01,79.95,63.84,62.69
PROV_0037,2026-04-01,71.32,67.56,51.02
PROV_0037,2026-05-01,76.4,76.49,61.24
PROV_0037,2026-06-01,78.84,65.89,64.64
PROV_0038,2024-07-01,141.36,116.1,115.77
PROV_0038,2024-08-01,157.27,141.09,133.1
PROV_0038,2024-09-01,142.09,138.2,112.27
PROV_0038,2024-10-01,144.51,114.64,104.26
PROV_0038,2024-11-01,157.31,142.65,119.38
PROV_0038,2024-12-01,143.07,139.01,101.86
PROV_0038,2025-01-01,157.35,133.83,139.79
PROV_0038,2025-02-01,141.69,115.46,120.55
PROV_0038,2025-03-01,162.13,147.7,118.71
PROV_0038,2025-04-01,148.89,122.98,115.68
PROV_0038,2025-05-01,150.93,142.23,106.59
PROV_0038,2025-06-01,150.26,126.66,108.73
PROV_0038,2025-07-01,148.01,133.47,108.07
PROV_0038,2025-08-01,143.57,121.66,106.83
PROV_0038,2025-09-01,159.19,162.18,139.8
PROV_0038,2025-10-01,154.38,137.56,133.25
PROV_0038,2025-11-01,162.09,136.79,126.94
PROV_0038,2025-12-01,159.36,126.31,128.09
PROV_0038,2026-01-01,162.39,135.11,143.43
PROV_0038,2026-02-01,159.84,143.93,115.31
PROV_0038,2026-03-01,159.11,132.43,129.7
PROV_0038,2026-04-01,144.44,128.72,121.96
PROV_0038,2026-05-01,147.88,140.42,130.34
PROV_0038,2026-06-01,153.98,142.94,117.36
PROV_0039,2024-07-01,141.56,136.51,110.18
PROV_0039,2024-08-01,162.25,140.84,141.04
PROV_0039,2024-09-01,140.89,142.95,118.44
PROV_0039,2024-10-01,151.2,130.93,118.37
PROV_0039,2024-11-01,150.03,144.52,114.11
PROV_0039,2024-12-01,149.17,140.89,108.08
PROV_0039,2025-01-01,150.06,151.47,128.91
PROV_0039,2025-02-01,151.18,151.97,111.54
PROV_0039,2025-03-01,145.94,144.94,130.57
PROV_0039,2025-04-01,151.59,157.07,119.24
PROV_0039,2025-05-01,148.02,133.9,104.55
PROV_0039,2025-06-01,148.96,144.58,106.79
PROV_0039,2025-07-01,145.68,136.85,125.17
PROV_0039,2025-08-01,141.44,133.2,122.7
PROV_0039,2025-09-01,146.75,139.96,109.04
PROV_0039,2025-10-01,143.85,133.15,119.84
PROV_0039,2025-11-01,158.64,144.0,136.94
PROV_0039,2025-12-01,152.43,138.29,122.61
PROV_0039,2026-01-01,141.61,135.09,109.5
PROV_0039,2026-02-01,143.44,128.92,128.04
PROV_0039,2026-03-01,150.52,127.42,125.98
PROV_0039,2026-04-01,149.07,137.12,120.11
PROV_0039,2026-05-01,145.56,131.64,120.7
PROV_0039,2026-06-01,162.99,155.15,125.75
PROV_0040,2024-07-01,109.34,106.81,94.07
PROV_0040,2024-08-01,109.71,101.5,93.67
PROV_0040,2024-09-01,113.24,95.33,80.84
PROV_0040,2024-10-01,119.3,111.56,99.02
PROV_0040,2024-11-01,116.31,113.84,95.27
PROV_0040,2024-12-01,114.98,103.14,89.18
PROV_0040,2025-01-01,119.02,104.19,103.62
PROV_0040,2025-02-01,110.89,103.12,94.49
PROV_0040,2025-03-01,116.07,95.75,97.63
PROV_0040,2025-04-01,108.59,100.71,93.54
PROV_0040,2025-05-01,114.53,92.75,95.0
PROV_0040,2025-06-01,121.27,112.06,85.22
PROV_0040,2025-07-01,112.06,108.31,93.12
PROV_0040,2025-08-01,115.46,97.83,89.02
PROV_0040,2025-09-01,109.73,98.94,95.5
PROV_0040,2025-10-01,114.64,109.98,93.07
PROV_0040,2025-11-01,106.81,101.03,77.81
PROV_0040,2025-12-01,116.75,107.98,90.88
PROV_0040,2026-01-01,111.99,97.25,87.29
PROV_0040,2026-02-01,109.0,96.06,80.35
PROV_0040,2026-03-01,117.88,112.53,89.05
PROV_0040,2026-04-01,107.59,89.96,89.44
PROV_0040,2026-05-01,116.89,103.89,90.84
PROV_0040,2026-06-01,121.44,106.58,97.02
PROV_0041,2024-07-01,149.42,139.21,112.99
PROV_0041,2024-08-01,153.09,132.4,109.78
PROV_0041,2024-09-01,151.45,126.49,121.33
PROV_0041,2024-10-01,148.08,123.63,120.17
PROV_0041,2024-11-01,151.42,129.95,116.53
PROV_0041,2024-12-01,153.65,135.61,119.32
PROV_0041,2025-01-01,150.22,133.56,120.36
PROV_0041,2025-02-01,151.8,126.39,115.65
PROV_0041,2025-03-01,155.53,127.22,122.48
PROV_0041,2025-04-01,156.33,128.85,128.37
PROV_0041,2025-05-01,141.21,116.93,103.97
PROV_0041,2025-06-01,142.95,117.15,103.88
PROV_0041,2025-07-01,145.04,115.33,126.3
PROV_0041,2025-08-01,151.91,128.2,118.33
PROV_0041,2025-09-01,151.97,127.41,124.65
PROV_0041,2025-10-01,154.43,136.74,131.54
PROV_0041,2025-11-01,149.29,138.56,114.23
PROV_0041,2025-12-01,142.39,133.72,100.44
PROV_0041,2026-01-01,153.04,122.3,116.91
PROV_0041,2026-02-01,161.99,133.21,135.42
PROV_0041,2026-03-01,146.72,126.8,132.0
PROV_0041,2026-04-01,157.38,136.73,112.89
PROV_0041,2026-05-01,150.5,114.94,111.96
PROV_0041,2026-06-01,160.52,118.4,133.1
PROV_0042,2024-07-01,85.88,82.45,73.63
PROV_0042,2024-08-01,86.64,76.67,74.55
PROV_0042,2024-09-01,85.67,71.77,62.21
PROV_0042,2024-10-01,96.19,82.21,73.23
PROV_0042,2024-11-01,97.49,77.94,74.88
PROV_0042,2024-12-01,88.45,73.07,73.57
PROV_0042,2025-01-01,85.31,72.43,68.75
PROV_0042,2025-02-01,89.77,80.41,66.84
PROV_0042,2025-03-01,91.34,77.19,75.44
PROV_0042,2025-04-01,96.07,90.17,67.5
PROV_0042,2025-05-01,87.8,77.41,72.46
PROV_0042,2025-06-01,84.51,72.65,72.58
PROV_0042,2025-07-01,93.31,81.88,74.97
PROV_0042,2025-08-01,96.8,87.42,74.56
PROV_0042,2025-09-01,86.71,73.5,77.69
PROV_0042,2025-10-01,95.24,85.67,71.89
PROV_0042,2025-11-01,91.79,69.75,73.31
PROV_0042,2025-12-01,87.87,72.49,75.46
PROV_0042,2026-01-01,88.44,82.94,71.87
PROV_0042,2026-02-01,94.97,81.93,81.13
PROV_0042,2026-03-01,97.77,84.96,70.24
PROV_0042,2026-04-01,93.8,79.26,81.59
PROV_0042,2026-05-01,87.57,72.8,76.04
PROV_0042,2026-06-01,85.42,70.58,62.96
PROV_0043,2024-07-01,156.69,126.65,138.28
PROV_0043,2024-08-01,144.89,126.71,114.53
PROV_0043,2024-09-01,155.77,130.7,138.99
PROV_0043,2024-10-01,142.1,125.65,99.6
PROV_0043,2024-11-01,146.8,119.41,105.3
PROV_0043,2024-12-01,159.17,133.56,137.13
PROV_0043,2025-01-01,155.84,140.77,116.34
PROV_0043,2025-02-01,153.69,135.41,108.11
PROV_0043,2025-03-01,150.26,121.68,116.97
PROV_0043,2025-04-01,144.53,108.1,103.28
PROV_0043,2025-05-01,147.06,115.32,108.83
PROV_0043,2025-06-01,150.99,125.26,134.97
PROV_0043,2025-07-01,150.49,136.75,133.35
PROV_0043,2025-08-01,152.72,128.56,126.38
PROV_0043,2025-09-01,163.06,149.94,120.34
PROV_0043,2025-10-01,149.81,120.86,105.39
PROV_0043,2025-11-01,152.5,138.02,128.23
PROV_0043,2025-12-01,148.52,137.74,127.5
PROV_0043,2026-01-01,153.8,129.02,112.04
PROV_0043,2026-02-01,152.13,124.17,131.79
PROV_0043,2026-03-01,147.62,119.23,110.46
PROV_0043,2026-04-01,160.14,128.24,114.94
PROV_0043,2026-05-01,146.35,134.93,129.14
PROV_0043,2026-06-01,149.56,141.93,112.51
PROV_0044,2024-07-01,117.15,111.62,99.66
PROV_0044,2024-08-01,126.31,121.97,101.45
PROV_0044,2024-09-01,128.1,116.21,94.99
PROV_0044,2024-10-01,120.65,118.54,106.25
PROV_0044,2024-11-01,117.13,122.99,91.34
PROV_0044,2024-12-01,127.24,122.09,109.88
PROV_0044,2025-01-01,125.14,112.74,101.82
PROV_0044,2025-02-01,123.41,110.52,86.52
PROV_0044,2025-03-01,129.51,134.4,114.1
PROV_0044,2025-04-01,122.72,112.26,101.55
PROV_0044,2025-05-01,119.17,116.49,85.93
PROV_0044,2025-06-01,129.36,125.96,95.67
PROV_0044,2025-07-01,116.58,115.05,82.7
PROV_0044,2025-08-01,119.65,122.76,90.42
PROV_0044,2025-09-01,129.13,130.37,92.74
PROV_0044,2025-10-01,122.73,128.87,89.65
PROV_0044,2025-11-01,117.78,98.69,102.1
PROV_0044,2025-12-01,125.86,116.6,90.93
PROV_0044,2026-01-01,116.37,117.97,91.18
PROV_0044,2026-02-01,119.68,111.75,84.43
PROV_0044,2026-03-01,113.96,101.9,80.14
PROV_0044,2026-04-01,128.13,113.87,99.03
PROV_0044,2026-05-01,127.63,134.0,113.56
PROV_0044,2026-06-01,128.47,125.52,101.88
PROV_0045,2024-07-01,150.71,146.17,129.06
PROV_0045,2024-08-01,159.07,158.89,114.03
PROV_0045,2024-09-01,152.15,137.3,123.74
PROV_0045,2024-10-01,154.66,131.06,126.68
PROV_0045,2024-11-01,155.58,135.95,113.16
PROV_0045,2024-12-01,160.26,133.31,124.9
PROV_0045,2025-01-01,155.84,152.39,133.9
PROV_0045,2025-02-01,151.83,128.12,134.21
PROV_0045,2025-03-01,162.17,140.07,116.79
PROV_0045,2025-04-01,143.56,135.39,120.14
PROV_0045,2025-05-01,157.16,143.29,110.53
PROV_0045,2025-06-01,151.08,133.08,122.98
PROV_0045,2025-07-01,148.04,141.02,130.45
PROV_0045,2025-08-01,163.19,138.25,127.23
PROV_0045,2025-09-01,160.04,148.21,112.5
PROV_0045,2025-10-01,156.97,143.63,124.88
PROV_0045,2025-11-01,156.35,141.55,129.29
PROV_0045,2025-12-01,151.8,143.16,119.74
PROV_0045,2026-01-01,154.03,132.28,121.09
PROV_0045,2026-02-01,157.07,146.23,125.75
PROV_0045,2026-03-01,162.84,136.78,130.86
PROV_0045,2026-04-01,149.11,131.01,117.95
PROV_0045,2026-05-01,141.28,121.51,120.26
PROV_0045,2026-06-01,146.2,128.07,123.68
PROV_0046,2024-07-01,141.19,100.88,120.48
PROV_0046,2024-08-01,151.76,97.5,115.85
PROV_0046,2024-09-01,159.16,122.68,130.76
PROV_0046,2024-10-01,149.85,125.48,118.58
PROV_0046,2024-11-01,147.03,102.06,104.27
PROV_0046,2024-12-01,162.19,124.26,141.5
PROV_0046,2025-01-01,158.66,114.89,135.91
PROV_0046,2025-02-01,162.95,119.02,120.64
PROV_0046,2025-03-01,157.15,93.92,111.93
PROV_0046,2025-04-01,153.8,108.42,110.95
PROV_0046,2025-05-01,159.27,121.36,141.58
PROV_0046,2025-06-01,154.63,109.52,137.62
PROV_0046,2025-07-01,153.94,121.88,108.19
PROV_0046,2025-08-01,145.86,107.57,111.45
PROV_0046,2025-09-01,153.89,110.43,111.6
PROV_0046,2025-10-01,145.13,108.1,110.65
PROV_0046,2025-11-01,152.02,107.5,109.07
PROV_0046,2025-12-01,157.04,108.14,140.08
PROV_0046,2026-01-01,158.91,109.23,136.2
PROV_0046,2026-02-01,142.26,112.16,119.19
PROV_0046,2026-03-01,160.5,111.46,123.88
PROV_0046,2026-04-01,154.69,104.53,108.86
PROV_0046,2026-05-01,162.38,115.93,122.05
PROV_0046,2026-06-01,148.57,118.64,116.0
PROV_0047,2024-07-01,149.7,130.61,119.0
PROV_0047,2024-08-01,157.42,147.08,112.46
PROV_0047,2024-09-01,159.05,132.65,132.71
PROV_0047,2024-10-01,162.73,131.16,144.64
PROV_0047,2024-11-01,145.21,144.19,124.49
PROV_0047,2024-12-01,161.22,160.5,143.75
PROV_0047,2025-01-01,158.84,141.22,112.98
PROV_0047,2025-02-01,151.55,132.33,135.79
PROV_0047,2025-03-01,145.57,129.58,101.99
PROV_0047,2025-04-01,149.73,132.37,129.17
PROV_0047,2025-05-01,154.52,140.58,138.54
PROV_0047,2025-06-01,146.61,138.16,127.64
PROV_0047,2025-07-01,148.43,122.66,123.6
PROV_0047,2025-08-01,146.5,138.61,102.79
PROV_0047,2025-09-01,150.39,133.45,128.37
PROV_0047,2025-10-01,141.52,124.27,103.9
PROV_0047,2025-11-01,146.6,127.13,114.57
PROV_0047,2025-12-01,143.15,131.17,108.69
PROV_0047,2026-01-01,158.39,163.36,136.35
PROV_0047,2026-02-01,161.3,147.73,123.75
PROV_0047,2026-03-01,150.78,140.41,107.45
PROV_0047,2026-04-01,145.57,138.98,107.97
PROV_0047,2026-05-01,145.77,142.25,104.35
PROV_0047,2026-06-01,141.65,134.16,106.75
PROV_0048,2024-07-01,88.97,80.88,63.94
PROV_0048,2024-08-01,92.18,80.37,65.38
PROV_0048,2024-09-01,90.97,83.94,73.79
PROV_0048,2024-10-01,90.27,78.47,67.03
PROV_0048,2024-11-01,96.63,74.49,78.92
PROV_0048,2024-12-01,89.84,77.23,76.65
PROV_0048,2025-01-01,91.25,74.44,67.81
PROV_0048,2025-02-01,95.86,95.13,67.62
PROV_0048,2025-03-01,88.68,77.12,72.35
PROV_0048,2025-04-01,94.86,82.03,78.43
PROV_0048,2025-05-01,96.49,92.37,81.62
PROV_0048,2025-06-01,91.61,85.21,81.18
PROV_0048,2025-07-01,90.44,83.68,64.68
PROV_0048,2025-08-01,89.66,76.79,71.21
PROV_0048,2025-09-01,87.14,80.84,68.98
PROV_0048,2025-10-01,94.49,76.57,81.63
PROV_0048,2025-11-01,91.49,72.37,70.23
PROV_0048,2025-12-01,92.34,75.95,74.6
PROV_0048,2026-01-01,89.88,83.35,79.78
PROV_0048,2026-02-01,91.88,82.23,66.74
PROV_0048,2026-03-01,94.11,82.67,81.05
PROV_0048,2026-04-01,89.51,86.06,79.04
PROV_0048,2026-05-01,92.21,83.68,69.48
PROV_0048,2026-06-01,92.64,73.06,71.48
PROV_0049,2024-07-01,150.16,130.86,128.21
PROV_0049,2024-08-01,141.7,128.46,112.56
PROV_0049,2024-09-01,149.69,129.27,132.62
PROV_0049,2024-10-01,149.36,126.73,126.58
PROV_0049,2024-11-01,147.06,140.58,127.16
PROV_0049,2024-12-01,155.95,132.5,117.26
PROV_0049,2025-01-01,161.48,139.92,133.16
PROV_0049,2025-02-01,144.2,141.91,127.28
PROV_0049,2025-03-01,155.59,152.2,125.49
PROV_0049,2025-04-01,145.09,115.13,111.97
PROV_0049,2025-05-01,157.33,143.63,120.45
PROV_0049,2025-06-01,143.78,117.62,111.03
PROV_0049,2025-07-01,144.22,125.68,118.04
PROV_0049,2025-08-01,144.62,126.54,112.07
PROV_0049,2025-09-01,144.28,114.23,104.25
PROV_0049,2025-10-01,161.84,147.45,132.5
PROV_0049,2025-11-01,157.86,161.46,133.89
PROV_0049,2025-12-01,144.19,118.14,116.8
PROV_0049,2026-01-01,142.27,134.26,100.13
PROV_0049,2026-02-01,141.25,125.74,106.69
PROV_0049,2026-03-01,158.83,149.13,135.12
PROV_0049,2026-04-01,145.95,137.24,120.86
PROV_0049,2026-05-01,149.26,136.28,129.42
PROV_0049,2026-06-01,154.98,139.61,113.33
PROV_0050,2024-07-01,105.95,80.4,92.92
PROV_0050,2024-08-01,106.58,90.72,82.81
PROV_0050,2024-09-01,120.55,106.53,100.79
PROV_0050,2024-10-01,107.6,88.73,91.61
PROV_0050,2024-11-01,119.81,110.74,98.05
PROV_0050,2024-12-01,118.61,100.29,89.04
PROV_0050,2025-01-01,111.28,101.12,89.2
PROV_0050,2025-02-01,120.32,115.36,103.31
PROV_0050,2025-03-01,115.61,97.47,89.75
PROV_0050,2025-04-01,107.22,101.02,77.51
PROV_0050,2025-05-01,120.62,105.43,87.32
PROV_0050,2025-06-01,117.96,106.27,90.16
PROV_0050,2025-07-01,108.32,94.61,77.62
PROV_0050,2025-08-01,111.4,88.81,96.79
PROV_0050,2025-09-01,109.89,88.81,78.51
PROV_0050,2025-10-01,118.86,96.09,87.3
PROV_0050,2025-11-01,121.6,99.34,104.45
PROV_0050,2025-12-01,110.35,103.1,97.85
PROV_0050,2026-01-01,110.79,81.46,81.77
PROV_0050,2026-02-01,119.85,108.93,103.24
PROV_0050,2026-03-01,114.44,92.84,97.93
PROV_0050,2026-04-01,107.17,93.91,90.13
PROV_0050,2026-05-01,105.74,76.52,80.62
PROV_0050,2026-06-01,106.82,87.42,76.14
PROV_0051,2024-07-01,79.28,65.11,58.56
PROV_0051,2024-08-01,71.67,63.4,57.64
PROV_0051,2024-09-01,74.79,63.72,53.9
PROV_0051,2024-10-01,76.22,68.24,66.22
PROV_0051,2024-11-01,76.05,63.55,58.27
PROV_0051,2024-12-01,80.22,65.68,58.04
PROV_0051,2025-01-01,81.24,73.22,67.46
PROV_0051,2025-02-01,75.72,62.37,63.41
PROV_0051,2025-03-01,71.12,57.31,57.82
PROV_0051,2025-04-01,74.62,65.81,64.75
PROV_0051,2025-05-01,78.58,69.45,65.9
PROV_0051,2025-06-01,76.7,72.87,57.76
PROV_0051,2025-07-01,80.0,77.43,62.3
PROV_0051,2025-08-01,80.44,66.12,64.19
PROV_0051,2025-09-01,76.52,64.87,53.6
PROV_0051,2025-10-01,72.88,73.85,62.08
PROV_0051,2025-11-01,72.74,61.06,60.69
PROV_0051,2025-12-01,74.28,62.01,58.76
PROV_0051,2026-01-01,73.94,66.56,64.21
PROV_0051,2026-02-01,72.47,66.34,63.01
PROV_0051,2026-03-01,75.36,62.4,62.93
PROV_0051,2026-04-01,79.54,64.96,70.28
PROV_0051,2026-05-01,73.7,60.68,55.66
PROV_0051,2026-06-01,74.4,67.02,60.46
PROV_0052,2024-07-01,160.63,154.23,125.65
PROV_0052,2024-08-01,162.35,154.5,142.02
PROV_0052,2024-09-01,161.45,135.48,135.69
PROV_0052,2024-10-01,145.63,137.76,130.43
PROV_0052,2024-11-01,151.31,125.77,110.24
PROV_0052,2024-12-01,160.52,116.85,139.15
PROV_0052,2025-01-01,145.3,120.41,117.7
PROV_0052,2025-02-01,159.64,127.13,134.72
PROV_0052,2025-03-01,151.62,139.78,111.41
PROV_0052,2025-04-01,141.26,114.7,111.1
PROV_0052,2025-05-01,149.35,139.08,112.4
PROV_0052,2025-06-01,155.97,133.58,133.06
PROV_0052,2025-07-01,143.75,124.97,111.16
PROV_0052,2025-08-01,155.22,127.23,131.39
PROV_0052,2025-09-01,162.91,127.24,135.39
PROV_0052,2025-10-01,150.66,131.3,124.02
PROV_0052,2025-11-01,145.8,124.4,129.69
PROV_0052,2025-12-01,154.71,129.75,125.33
PROV_0052,2026-01-01,141.89,117.71,105.2
PROV_0052,2026-02-01,160.78,138.98,113.03
PROV_0052,2026-03-01,144.22,114.93,115.24
PROV_0052,2026-04-01,150.28,122.84,108.34
PROV_0052,2026-05-01,145.46,124.54,103.6
PROV_0052,2026-06-01,148.25,128.95,122.69
PROV_0053,2024-07-01,130.36,136.83,110.4
PROV_0053,2024-08-01,116.76,116.78,88.22
PROV_0053,2024-09-01,124.57,127.39,96.34
PROV_0053,2024-10-01,123.79,123.0,100.06
PROV_0053,2024-11-01,122.47,120.55,86.98
PROV_0053,2024-12-01,126.94,125.79,107.96
PROV_0053,2025-01-01,130.11,124.63,100.25
PROV_0053,2025-02-01,127.61,117.19,109.05
PROV_0053,2025-03-01,123.34,116.23,90.95
PROV_0053,2025-04-01,117.19,107.17,94.28
PROV_0053,2025-05-01,123.01,107.35,100.88
PROV_0053,2025-06-01,119.35,121.13,99.43
PROV_0053,2025-07-01,125.92,132.22,109.82
PROV_0053,2025-08-01,125.24,122.75,112.04
PROV_0053,2025-09-01,127.45,133.45,102.21
PROV_0053,2025-10-01,127.09,114.01,102.3
PROV_0053,2025-11-01,128.84,131.62,96.53
PROV_0053,2025-12-01,116.18,116.07,102.39
PROV_0053,2026-01-01,130.21,116.55,113.5
PROV_0053,2026-02-01,119.86,122.97,93.95
PROV_0053,2026-03-01,119.4,110.39,104.74
PROV_0053,2026-04-01,113.37,106.91,83.65
PROV_0053,2026-05-01,125.77,120.52,112.14
PROV_0053,2026-06-01,122.91,129.06,96.9
PROV_0054,2024-07-01,150.03,129.73,111.82
PROV_0054,2024-08-01,142.62,131.89,104.69
PROV_0054,2024-09-01,148.52,128.53,133.33
PROV_0054,2024-10-01,158.04,151.57,112.72
PROV_0054,2024-11-01,143.09,133.28,119.02
PROV_0054,2024-12-01,145.65,131.95,109.45
PROV_0054,2025-01-01,144.13,146.46,121.18
PROV_0054,2025-02-01,159.1,129.9,112.79
PROV_0054,2025-03-01,142.33,123.49,101.84
PROV_0054,2025-04-01,153.29,131.05,107.95
PROV_0054,2025-05-01,152.36,135.41,109.94
PROV_0054,2025-06-01,146.7,123.28,116.01
PROV_0054,2025-07-01,153.9,137.66,110.03
PROV_0054,2025-08-01,149.83,150.56,123.19
PROV_0054,2025-09-01,149.22,135.83,119.49
PROV_0054,2025-10-01,162.84,152.7,134.35
PROV_0054,2025-11-01,158.9,128.62,142.28
PROV_0054,2025-12-01,142.01,132.68,121.72
PROV_0054,2026-01-01,144.35,123.8,119.73
PROV_0054,2026-02-01,142.25,127.03,103.17
PROV_0054,2026-03-01,162.69,152.38,142.59
PROV_0054,2026-04-01,160.12,130.03,133.37
PROV_0054,2026-05-01,161.21,146.37,129.13
PROV_0054,2026-06-01,149.73,124.89,115.14
PROV_0055,2024-07-01,142.43,131.62,108.15
PROV_0055,2024-08-01,147.31,147.83,125.29
PROV_0055,2024-09-01,145.33,131.8,130.56
PROV_0055,2024-10-01,142.44,125.45,117.24
PROV_0055,2024-11-01,156.26,126.83,118.06
PROV_0055,2024-12-01,144.04,137.93,125.27
PROV_0055,2025-01-01,141.71,143.61,123.07
PROV_0055,2025-02-01,162.46,147.81,120.44
PROV_0055,2025-03-01,153.72,142.59,123.78
PROV_0055,2025-04-01,152.89,155.62,136.87
PROV_0055,2025-05-01,145.31,125.15,106.58
PROV_0055,2025-06-01,152.52,138.09,120.56
PROV_0055,2025-07-01,157.75,147.41,130.71
PROV_0055,2025-08-01,154.18,129.46,113.53
PROV_0055,2025-09-01,146.49,140.52,115.78
PROV_0055,2025-10-01,150.65,122.26,108.37
PROV_0055,2025-11-01,162.59,142.26,133.3
PROV_0055,2025-12-01,161.17,141.61,137.83
PROV_0055,2026-01-01,140.85,128.55,126.07
PROV_0055,2026-02-01,158.12,131.1,127.55
PROV_0055,2026-03-01,149.77,121.68,111.01
PROV_0055,2026-04-01,151.71,123.14,112.65
PROV_0055,2026-05-01,159.63,138.4,123.32
PROV_0055,2026-06-01,160.07,130.25,114.96
PROV_0056,2024-07-01,114.97,103.84,99.67
PROV_0056,2024-08-01,125.16,108.85,102.46
PROV_0056,2024-09-01,125.14,112.13,97.05
PROV_0056,2024-10-01,120.41,109.56,98.08
PROV_0056,2024-11-01,113.38,88.27,97.33
PROV_0056,2024-12-01,128.15,116.61,96.38
PROV_0056,2025-01-01,121.42,101.92,88.43
PROV_0056,2025-02-01,117.55,113.45,96.17
PROV_0056,2025-03-01,112.81,96.99,85.73
PROV_0056,2025-04-01,122.48,105.03,100.32
PROV_0056,2025-05-01,122.86,111.89,109.54
PROV_0056,2025-06-01,115.16,111.95,87.67
PROV_0056,2025-07-01,121.29,106.27,104.7
PROV_0056,2025-08-01,119.27,105.3,100.54
PROV_0056,2025-09-01,126.68,116.7,102.07
PROV_0056,2025-10-01,119.66,111.42,102.11
PROV_0056,2025-11-01,114.85,90.15,85.01
PROV_0056,2025-12-01,121.26,96.31,101.47
PROV_0056,2026-01-01,119.63,93.57,96.88
PROV_0056,2026-02-01,122.0,115.07,86.0
PROV_0056,2026-03-01,112.77,96.06,99.0
PROV_0056,2026-04-01,126.45,104.35,110.14
PROV_0056,2026-05-01,116.4,105.1,82.24
PROV_0056,2026-06-01,125.43,110.56,104.51
PROV_0057,2024-07-01,143.04,124.02,121.97
PROV_0057,2024-08-01,160.76,141.17,119.19
PROV_0057,2024-09-01,158.6,125.81,111.99
PROV_0057,2024-10-01,163.18,139.96,117.76
PROV_0057,2024-11-01,144.02,122.68,104.84
PROV_0057,2024-12-01,153.52,116.87,134.56
PROV_0057,2025-01-01,161.93,120.71,142.47
PROV_0057,2025-02-01,161.14,133.98,118.03
PROV_0057,2025-03-01,156.89,114.09,123.3
PROV_0057,2025-04-01,153.6,105.94,120.86
PROV_0057,2025-05-01,153.53,125.84,121.57
PROV_0057,2025-06-01,142.94,107.97,109.87
PROV_0057,2025-07-01,157.43,128.91,133.15
PROV_0057,2025-08-01,153.41,141.99,127.45
PROV_0057,2025-09-01,148.05,120.98,120.9
PROV_0057,2025-10-01,147.25,118.45,108.7
PROV_0057,2025-11-01,156.86,109.9,111.8
PROV_0057,2025-12-01,156.79,119.23,134.85
PROV_0057,2026-01-01,159.48,133.55,125.09
PROV_0057,2026-02-01,157.28,144.52,135.76
PROV_0057,2026-03-01,145.91,121.56,121.12
PROV_0057,2026-04-01,152.25,125.86,108.16
PROV_0057,2026-05-01,162.38,136.07,121.64
PROV_0057,2026-06-01,141.2,119.16,126.27
PROV_0058,2024-07-01,124.75,104.84,93.33
PROV_0058,2024-08-01,114.35,92.21,81.58
PROV_0058,2024-09-01,127.66,119.6,94.9
PROV_0058,2024-10-01,115.41,86.86,87.47
PROV_0058,2024-11-01,115.86,94.66,94.98
PROV_0058,2024-12-01,119.05,93.49,90.93
PROV_0058,2025-01-01,128.12,117.19,107.12
PROV_0058,2025-02-01,123.34,103.33,104.76
PROV_0058,2025-03-01,126.12,120.19,113.11
PROV_0058,2025-04-01,126.44,100.72,110.45
PROV_0058,2025-05-01,126.75,104.82,94.27
PROV_0058,2025-06-01,119.98,95.31,101.23
PROV_0058,2025-07-01,113.47,87.53,87.13
PROV_0058,2025-08-01,127.93,108.56,91.81
PROV_0058,2025-09-01,129.96,120.74,106.21
PROV_0058,2025-10-01,127.72,100.0,109.87
PROV_0058,2025-11-01,122.28,102.19,89.15
PROV_0058,2025-12-01,117.73,94.25,102.68
PROV_0058,2026-01-01,116.47,94.51,83.93
PROV_0058,2026-02-01,118.72,98.75,102.53
PROV_0058,2026-03-01,124.25,106.84,100.58
PROV_0058,2026-04-01,126.21,116.52,101.21
PROV_0058,2026-05-01,114.66,102.64,92.44
PROV_0058,2026-06-01,123.59,111.1,97.39
PROV_0059,2024-07-01,146.29,117.4,110.69
PROV_0059,2024-08-01,159.58,141.06,133.22
PROV_0059,2024-09-01,144.97,139.3,119.91
PROV_0059,2024-10-01,154.35,129.66,127.68
PROV_0059,2024-11-01,161.11,126.59,140.84
PROV_0059,2024-12-01,152.58,132.37,124.56
PROV_0059,2025-01-01,155.08,136.43,129.09
PROV_0059,2025-02-01,141.32,116.04,114.81
PROV_0059,2025-03-01,160.97,133.96,127.75
PROV_0059,2025-04-01,147.6,135.61,127.94
PROV_0059,2025-05-01,161.56,140.76,138.39
PROV_0059,2025-06-01,155.74,139.32,126.81
PROV_0059,2025-07-01,159.96,136.86,129.74
PROV_0059,2025-08-01,144.94,114.56,104.83
PROV_0059,2025-09-01,156.9,143.48,127.35
PROV_0059,2025-10-01,157.06,133.97,120.44
PROV_0059,2025-11-01,154.12,119.1,125.4
PROV_0059,2025-12-01,141.69,127.72,108.4
PROV_0059,2026-01-01,146.06,135.52,111.15
PROV_0059,2026-02-01,142.19,121.54,114.03
PROV_0059,2026-03-01,158.61,147.6,114.35
PROV_0059,2026-04-01,156.03,121.01,126.18
PROV_0059,2026-05-01,160.12,145.99,115.26
PROV_0059,2026-06-01,143.06,115.51,110.26
PROV_0060,2024-07-01,114.37,103.37,96.54
PROV_0060,2024-08-01,128.13,114.2,111.37
PROV_0060,2024-09-01,125.32,107.96,101.53
PROV_0060,2024-10-01,125.34,127.73,95.15
PROV_0060,2024-11-01,115.39,99.25,100.39
PROV_0060,2024-12-01,114.39,98.76,86.78
PROV_0060,2025-01-01,125.07,113.56,94.03
PROV_0060,2025-02-01,125.51,129.46,102.69
PROV_0060,2025-03-01,119.88,113.31,86.58
PROV_0060,2025-04-01,122.28,104.42,91.16
PROV_0060,2025-05-01,119.65,102.03,96.44
PROV_0060,2025-06-01,120.45,105.39,89.85
PROV_0060,2025-07-01,113.16,110.66,87.24
PROV_0060,2025-08-01,116.96,89.49,98.33
PROV_0060,2025-09-01,119.64,95.86,91.57
PROV_0060,2025-10-01,114.47,101.88,98.53
PROV_0060,2025-11-01,120.78,99.16,102.5
PROV_0060,2025-12-01,118.97,118.39,100.83
PROV_0060,2026-01-01,125.87,120.91,100.33
PROV_0060,2026-02-01,119.53,113.01,85.38
PROV_0060,2026-03-01,121.33,107.03,88.78
PROV_0060,2026-04-01,115.41,106.22,81.42
PROV_0060,2026-05-01,130.05,114.33,101.91
PROV_0060,2026-06-01,115.9,106.29,99.72
PROV_0061,2024-07-01,162.42,116.02,137.3
PROV_0061,2024-08-01,157.96,109.08,122.67
PROV_0061,2024-09-01,144.76,114.96,118.06
PROV_0061,2024-10-01,141.08,105.43,108.62
PROV_0061,2024-11-01,148.75,100.75,130.49
PROV_0061,2024-12-01,142.05,105.03,100.03
PROV_0061,2025-01-01,141.99,102.85,124.53
PROV_0061,2025-02-01,150.23,109.98,129.85
PROV_0061,2025-03-01,152.98,98.26,130.97
PROV_0061,2025-04-01,141.64,83.31,121.03
PROV_0061,2025-05-01,151.46,98.15,127.71
PROV_0061,2025-06-01,161.31,112.29,114.74
PROV_0061,2025-07-01,159.64,117.01,113.07
PROV_0061,2025-08-01,141.68,96.72,114.67
PROV_0061,2025-09-01,145.9,103.84,128.97
PROV_0061,2025-10-01,146.6,90.49,104.91
PROV_0061,2025-11-01,150.73,93.2,125.29
PROV_0061,2025-12-01,151.65,116.62,116.02
PROV_0061,2026-01-01,160.96,113.86,121.91
PROV_0061,2026-02-01,153.33,98.65,115.87
PROV_0061,2026-03-01,142.63,108.55,105.4
PROV_0061,2026-04-01,142.65,97.25,115.67
PROV_0061,2026-05-01,151.52,107.2,129.35
PROV_0061,2026-06-01,156.45,103.12,114.52
PROV_0062,2024-07-01,117.34,100.18,88.28
PROV_0062,2024-08-01,118.58,103.77,99.3
PROV_0062,2024-09-01,114.94,92.09,81.7
PROV_0062,2024-10-01,121.04,90.08,86.83
PROV_0062,2024-11-01,112.22,97.02,90.46
PROV_0062,2024-12-01,121.2,99.23,107.82
PROV_0062,2025-01-01,109.99,90.53,82.01
PROV_0062,2025-02-01,121.23,103.11,101.3
PROV_0062,2025-03-01,111.86,94.32,84.51
PROV_0062,2025-04-01,107.75,94.78,89.66
PROV_0062,2025-05-01,119.34,98.92,94.62
PROV_0062,2025-06-01,112.24,87.51,79.81
PROV_0062,2025-07-01,108.66,95.2,97.18
PROV_0062,2025-08-01,110.73,98.19,86.28
PROV_0062,2025-09-01,117.9,105.04,98.47
PROV_0062,2025-10-01,112.32,92.48,90.1
PROV_0062,2025-11-01,115.09,101.65,94.21
PROV_0062,2025-12-01,118.36,96.02,85.03
PROV_0062,2026-01-01,106.99,79.46,82.63
PROV_0062,2026-02-01,112.29,86.83,96.84
PROV_0062,2026-03-01,113.57,96.85,93.54
PROV_0062,2026-04-01,117.87,110.6,91.89
PROV_0062,2026-05-01,108.75,91.13,78.4
PROV_0062,2026-06-01,109.47,95.83,98.2
PROV_0063,2024-07-01,74.91,78.66,57.64
PROV_0063,2024-08-01,79.16,59.43,70.08
PROV_0063,2024-09-01,79.72,75.73,69.17
PROV_0063,2024-10-01,70.45,68.67,62.61
PROV_0063,2024-11-01,80.39,79.42,63.01
PROV_0063,2024-12-01,75.41,74.74,56.73
PROV_0063,2025-01-01,74.13,68.22,59.97
PROV_0063,2025-02-01,76.11,78.13,67.49
PROV_0063,2025-03-01,77.23,65.97,67.1
PROV_0063,2025-04-01,78.58,76.05,57.29
PROV_0063,2025-05-01,79.43,76.03,69.3
PROV_0063,2025-06-01,73.03,74.13,57.53
PROV_0063,2025-07-01,81.33,78.63,60.34
PROV_0063,2025-08-01,76.1,74.69,61.87
PROV_0063,2025-09-01,74.55,67.29,63.02
PROV_0063,2025-10-01,76.15,75.25,61.48
PROV_0063,2025-11-01,71.94,64.73,63.99
PROV_0063,2025-12-01,75.11,78.32,64.33
PROV_0063,2026-01-01,74.73,68.5,55.55
PROV_0063,2026-02-01,72.2,73.96,61.45
PROV_0063,2026-03-01,72.1,60.28,64.27
PROV_0063,2026-04-01,81.39,74.31,59.1
PROV_0063,2026-05-01,73.79,77.48,56.71
PROV_0063,2026-06-01,73.76,75.47,61.05
PROV_0064,2024-07-01,143.63,101.42,118.33
PROV_0064,2024-08-01,160.03,99.12,140.89
PROV_0064,2024-09-01,155.29,111.93,117.98
PROV_0064,2024-10-01,162.7,121.48,142.12
PROV_0064,2024-11-01,156.77,99.08,119.4
PROV_0064,2024-12-01,145.97,109.58,112.85
PROV_0064,2025-01-01,144.61,116.33,108.25
PROV_0064,2025-02-01,150.45,107.65,114.65
PROV_0064,2025-03-01,144.45,115.58,126.43
PROV_0064,2025-04-01,142.34,105.31,116.89
PROV_0064,2025-05-01,154.31,101.08,127.86
PROV_0064,2025-06-01,142.88,114.99,107.13
PROV_0064,2025-07-01,146.92,108.68,111.83
PROV_0064,2025-08-01,161.07,122.52,139.84
PROV_0064,2025-09-01,162.93,101.94,136.24
PROV_0064,2025-10-01,155.81,118.2,121.03
PROV_0064,2025-11-01,150.59,103.29,111.72
PROV_0064,2025-12-01,142.38,96.27,108.67
PROV_0064,2026-01-01,148.35,113.42,120.47
PROV_0064,2026-02-01,163.18,120.97,118.68
PROV_0064,2026-03-01,152.53,92.53,129.59
PROV_0064,2026-04-01,146.86,96.32,107.05
PROV_0064,2026-05-01,147.97,99.26,130.29
PROV_0064,2026-06-01,160.74,125.23,143.62
PROV_0065,2024-07-01,162.64,150.75,141.67
PROV_0065,2024-08-01,147.89,121.73,109.97
PROV_0065,2024-09-01,153.07,160.03,119.91
PROV_0065,2024-10-01,152.8,134.09,136.03
PROV_0065,2024-11-01,151.19,148.42,127.3
PROV_0065,2024-12-01,141.12,128.41,113.33
PROV_0065,2025-01-01,155.8,136.66,110.43
PROV_0065,2025-02-01,143.9,122.94,117.26
PROV_0065,2025-03-01,144.25,134.05,111.52
PROV_0065,2025-04-01,144.86,138.45,129.33
PROV_0065,2025-05-01,158.15,145.15,132.47
PROV_0065,2025-06-01,148.47,143.41,119.12
PROV_0065,2025-07-01,143.73,140.74,105.78
PROV_0065,2025-08-01,144.74,131.7,128.98
PROV_0065,2025-09-01,142.37,136.62,127.05
PROV_0065,2025-10-01,153.0,131.37,126.12
PROV_0065,2025-11-01,163.19,141.75,121.94
PROV_0065,2025-12-01,157.1,151.03,132.42
PROV_0065,2026-01-01,143.29,127.61,106.15
PROV_0065,2026-02-01,159.6,150.17,127.87
PROV_0065,2026-03-01,141.21,125.43,105.81
PROV_0065,2026-04-01,147.1,146.84,122.02
PROV_0065,2026-05-01,161.36,159.06,140.42
PROV_0065,2026-06-01,151.14,126.86,127.3
PROV_0066,2024-07-01,144.92,134.28,113.97
PROV_0066,2024-08-01,150.41,157.93,130.5
PROV_0066,2024-09-01,147.22,138.02,105.74
PROV_0066,2024-10-01,147.52,138.99,109.34
PROV_0066,2024-11-01,148.69,145.53,133.54
PROV_0066,2024-12-01,147.02,139.05,116.66
PROV_0066,2025-01-01,159.04,162.18,122.45
PROV_0066,2025-02-01,149.51,130.21,129.12
PROV_0066,2025-03-01,141.93,140.48,126.47
PROV_0066,2025-04-01,151.83,152.46,117.73
PROV_0066,2025-05-01,157.58,152.9,140.03
PROV_0066,2025-06-01,147.44,143.88,105.14
PROV_0066,2025-07-01,144.4,151.02,125.73
PROV_0066,2025-08-01,154.6,144.45,112.24
PROV_0066,2025-09-01,158.85,150.97,138.37
PROV_0066,2025-10-01,151.95,158.92,108.11
PROV_0066,2025-11-01,142.83,134.8,123.96
PROV_0066,2025-12-01,141.75,135.69,105.76
PROV_0066,2026-01-01,153.89,152.11,138.05
PROV_0066,2026-02-01,147.51,152.15,111.72
PROV_0066,2026-03-01,147.51,135.17,107.73
PROV_0066,2026-04-01,147.98,145.42,117.61
PROV_0066,2026-05-01,153.94,140.22,129.46
PROV_0066,2026-06-01,160.63,168.66,120.15
PROV_0067,2024-07-01,157.45,109.16,115.33
PROV_0067,2024-08-01,144.05,111.52,113.71
PROV_0067,2024-09-01,143.82,108.67,120.31
PROV_0067,2024-10-01,162.4,86.53,136.81
PROV_0067,2024-11-01,155.0,116.07,115.63
PROV_0067,2024-12-01,161.61,125.81,128.05
PROV_0067,2025-01-01,160.84,115.75,141.4
PROV_0067,2025-02-01,143.79,92.71,104.09
PROV_0067,2025-03-01,147.88,96.69,131.54
PROV_0067,2025-04-01,160.46,101.53,143.54
PROV_0067,2025-05-01,141.43,108.21,109.77
PROV_0067,2025-06-01,153.35,103.97,109.73
PROV_0067,2025-07-01,148.31,105.3,131.9
PROV_0067,2025-08-01,141.36,102.38,106.35
PROV_0067,2025-09-01,146.64,106.51,129.42
PROV_0067,2025-10-01,150.68,117.27,118.74
PROV_0067,2025-11-01,143.91,113.14,106.92
PROV_0067,2025-12-01,150.23,94.62,117.87
PROV_0067,2026-01-01,151.85,99.82,127.52
PROV_0067,2026-02-01,162.64,132.51,115.06
PROV_0067,2026-03-01,150.67,119.44,127.8
PROV_0067,2026-04-01,152.13,102.96,134.37
PROV_0067,2026-05-01,145.25,104.67,118.89
PROV_0067,2026-06-01,162.78,139.0,145.65
PROV_0068,2024-07-01,160.26,153.29,112.36
PROV_0068,2024-08-01,152.19,141.48,115.15
PROV_0068,2024-09-01,150.89,152.18,126.95
PROV_0068,2024-10-01,152.06,159.37,111.5
PROV_0068,2024-11-01,148.34,147.63,133.04
PROV_0068,2024-12-01,156.72,150.45,113.14
PROV_0068,2025-01-01,142.12,147.21,117.99
PROV_0068,2025-02-01,143.77,150.68,114.88
PROV_0068,2025-03-01,163.13,168.47,125.19
PROV_0068,2025-04-01,155.92,150.48,133.8
PROV_0068,2025-05-01,154.89,141.84,126.51
PROV_0068,2025-06-01,151.76,130.23,135.56
PROV_0068,2025-07-01,157.44,157.58,112.21
PROV_0068,2025-08-01,156.57,151.87,130.28
PROV_0068,2025-09-01,146.15,135.12,103.3
PROV_0068,2025-10-01,162.19,148.57,120.19
PROV_0068,2025-11-01,157.09,161.58,140.59
PROV_0068,2025-12-01,149.82,142.41,110.18
PROV_0068,2026-01-01,144.06,150.72,114.08
PROV_0068,2026-02-01,149.36,145.2,124.24
PROV_0068,2026-03-01,161.97,149.68,118.58
PROV_0068,2026-04-01,156.56,151.53,128.77
PROV_0068,2026-05-01,144.59,151.82,127.42
PROV_0068,2026-06-01,148.92,139.76,115.32
PROV_0069,2024-07-01,155.1,161.41,120.31
PROV_0069,2024-08-01,160.72,131.28,116.3
PROV_0069,2024-09-01,144.48,125.2,118.84
PROV_0069,2024-10-01,147.91,118.47,117.96
PROV_0069,2024-11-01,158.77,136.95,120.99
PROV_0069,2024-12-01,148.34,128.18,123.71
PROV_0069,2025-01-01,151.89,131.32,113.04
PROV_0069,2025-02-01,153.44,113.3,135.83
PROV_0069,2025-03-01,162.52,138.42,113.9
PROV_0069,2025-04-01,155.36,142.01,122.51
PROV_0069,2025-05-01,153.12,133.16,134.61
PROV_0069,2025-06-01,149.06,129.26,123.35
PROV_0069,2025-07-01,162.14,149.14,131.47
PROV_0069,2025-08-01,141.93,122.0,104.67
PROV_0069,2025-09-01,159.03,146.41,134.9
PROV_0069,2025-10-01,150.43,139.39,121.31
PROV_0069,2025-11-01,157.15,133.92,119.25
PROV_0069,2025-12-01,161.93,148.31,139.26
PROV_0069,2026-01-01,141.33,127.81,117.34
PROV_0069,2026-02-01,145.43,136.88,114.73
PROV_0069,2026-03-01,152.34,132.75,117.24
PROV_0069,2026-04-01,162.12,149.87,138.41
PROV_0069,2026-05-01,152.89,128.31,134.43
PROV_0069,2026-06-01,141.8,121.26,119.16
PROV_0070,2024-07-01,161.44,148.84,122.11
PROV_0070,2024-08-01,152.17,144.19,133.41
PROV_0070,2024-09-01,159.15,155.23,140.63
PROV_0070,2024-10-01,146.52,124.79,104.64
PROV_0070,2024-11-01,162.81,142.48,117.3
PROV_0070,2024-12-01,154.99,128.0,116.13
PROV_0070,2025-01-01,148.97,131.96,111.53
PROV_0070,2025-02-01,154.06,148.35,132.7
PROV_0070,2025-03-01,153.56,146.32,110.3
PROV_0070,2025-04-01,150.28,136.04,109.1
PROV_0070,2025-05-01,155.7,163.32,116.87
PROV_0070,2025-06-01,150.52,134.23,135.05
PROV_0070,2025-07-01,155.75,144.41,118.59
PROV_0070,2025-08-01,146.56,141.86,125.86
PROV_0070,2025-09-01,141.05,134.18,122.35
PROV_0070,2025-10-01,144.38,124.41,114.57
PROV_0070,2025-11-01,146.13,126.58,108.36
PROV_0070,2025-12-01,148.26,132.81,107.11
PROV_0070,2026-01-01,158.68,157.64,125.34
PROV_0070,2026-02-01,147.0,115.54,104.11
PROV_0070,2026-03-01,151.96,140.01,125.93
PROV_0070,2026-04-01,151.05,129.4,135.93
PROV_0070,2026-05-01,153.36,146.23,130.88
PROV_0070,2026-06-01,161.45,139.77,124.69
PROV_0071,2024-07-01,113.21,93.2,87.07
PROV_0071,2024-08-01,122.79,106.52,106.57
PROV_0071,2024-09-01,129.35,116.42,112.39
PROV_0071,2024-10-01,115.08,87.92,83.8
PROV_0071,2024-11-01,123.57,96.95,96.42
PROV_0071,2024-12-01,113.45,94.58,83.92
PROV_0071,2025-01-01,119.74,104.78,88.57
PROV_0071,2025-02-01,126.18,113.96,106.31
PROV_0071,2025-03-01,127.32,119.32,113.49
PROV_0071,2025-04-01,115.12,100.87,102.23
PROV_0071,2025-05-01,119.46,104.82,86.59
PROV_0071,2025-06-01,118.63,94.64,85.5
PROV_0071,2025-07-01,114.62,86.37,92.03
PROV_0071,2025-08-01,126.33,105.98,91.84
PROV_0071,2025-09-01,125.08,105.76,104.17
PROV_0071,2025-10-01,123.06,107.62,96.41
PROV_0071,2025-11-01,116.25,105.76,81.73
PROV_0071,2025-12-01,113.52,108.45,84.96
PROV_0071,2026-01-01,118.86,96.96,102.71
PROV_0071,2026-02-01,124.88,109.76,103.43
PROV_0071,2026-03-01,123.4,102.15,104.16
PROV_0071,2026-04-01,120.77,98.34,98.42
PROV_0071,2026-05-01,129.02,106.94,92.88
PROV_0071,2026-06-01,122.83,102.09,103.0
PROV_0072,2024-07-01,153.96,141.29,129.65
PROV_0072,2024-08-01,154.64,132.71,109.62
PROV_0072,2024-09-01,156.71,124.46,124.59
PROV_0072,2024-10-01,143.82,121.9,122.15
PROV_0072,2024-11-01,159.86,119.68,137.49
PROV_0072,2024-12-01,143.62,114.09,121.9
PROV_0072,2025-01-01,148.76,143.39,121.97
PROV_0072,2025-02-01,141.47,122.81,101.64
PROV_0072,2025-03-01,142.46,124.59,123.1
PROV_0072,2025-04-01,140.99,111.74,112.99
PROV_0072,2025-05-01,153.89,125.96,124.64
PROV_0072,2025-06-01,146.48,114.68,121.91
PROV_0072,2025-07-01,157.49,133.79,125.73
PROV_0072,2025-08-01,147.75,145.91,124.69
PROV_0072,2025-09-01,145.24,112.87,122.38
PROV_0072,2025-10-01,141.49,129.74,115.8
PROV_0072,2025-11-01,158.83,140.17,139.35
PROV_0072,2025-12-01,145.36,128.75,121.74
PROV_0072,2026-01-01,160.75,137.33,118.24
PROV_0072,2026-02-01,141.41,107.33,115.69
PROV_0072,2026-03-01,157.81,145.11,132.06
PROV_0072,2026-04-01,147.39,126.45,126.77
PROV_0072,2026-05-01,142.06,123.47,104.99
PROV_0072,2026-06-01,151.46,123.6,116.48
PROV_0073,2024-07-01,158.36,150.22,116.29
PROV_0073,2024-08-01,161.08,143.1,129.67
PROV_0073,2024-09-01,156.95,132.57,126.48
PROV_0073,2024-10-01,151.96,131.2,109.07
PROV_0073,2024-11-01,158.66,121.56,136.77
PROV_0073,2024-12-01,147.29,125.53,113.3
PROV_0073,2025-01-01,151.2,128.05,107.53
PROV_0073,2025-02-01,157.13,138.08,111.97
PROV_0073,2025-03-01,156.92,145.38,116.72
PROV_0073,2025-04-01,141.2,123.93,119.94
PROV_0073,2025-05-01,145.02,137.45,121.42
PROV_0073,2025-06-01,142.08,128.17,100.42
PROV_0073,2025-07-01,155.31,141.34,120.17
PROV_0073,2025-08-01,153.26,138.52,117.39
PROV_0073,2025-09-01,159.88,140.6,116.49
PROV_0073,2025-10-01,150.07,140.09,127.3
PROV_0073,2025-11-01,157.68,159.64,125.76
PROV_0073,2025-12-01,162.59,148.21,136.3
PROV_0073,2026-01-01,143.08,125.32,102.49
PROV_0073,2026-02-01,156.77,140.67,127.29
PROV_0073,2026-03-01,146.36,126.86,112.71
PROV_0073,2026-04-01,155.01,142.34,133.58
PROV_0073,2026-05-01,144.91,134.17,117.11
PROV_0073,2026-06-01,152.81,135.83,131.6
PROV_0074,2024-07-01,128.89,113.63,105.91
PROV_0074,2024-08-01,113.28,82.08,98.73
PROV_0074,2024-09-01,130.24,102.64,93.37
PROV_0074,2024-10-01,127.09,119.54,91.25
PROV_0074,2024-11-01,119.91,101.73,94.82
PROV_0074,2024-12-01,115.79,101.05,101.26
PROV_0074,2025-01-01,120.32,103.16,85.79
PROV_0074,2025-02-01,127.05,107.81,99.28
PROV_0074,2025-03-01,116.95,92.74,89.38
PROV_0074,2025-04-01,112.79,96.37,90.74
PROV_0074,2025-05-01,115.88,94.86,86.88
PROV_0074,2025-06-01,113.25,97.49,96.24
PROV_0074,2025-07-01,114.27,99.28,81.93
PROV_0074,2025-08-01,122.79,101.75,106.53
PROV_0074,2025-09-01,115.27,95.48,84.78
PROV_0074,2025-10-01,123.41,99.58,98.61
PROV_0074,2025-11-01,119.64,92.79,102.25
PROV_0074,2025-12-01,118.86,104.72,102.55
PROV_0074,2026-01-01,119.42,119.87,85.11
PROV_0074,2026-02-01,124.73,88.47,97.34
PROV_0074,2026-03-01,120.35,98.48,102.44
PROV_0074,2026-04-01,128.96,108.43,112.76
PROV_0074,2026-05-01,118.79,93.51,99.87
PROV_0074,2026-06-01,115.96,98.21,81.99
PROV_0075,2024-07-01,97.61,81.4,83.56
PROV_0075,2024-08-01,86.79,81.47,74.16
PROV_0075,2024-09-01,95.59,80.96,78.65
PROV_0075,2024-10-01,88.07,77.03,73.97
PROV_0075,2024-11-01,94.37,74.68,68.36
PROV_0075,2024-12-01,89.23,72.79,69.91
PROV_0075,2025-01-01,93.33,95.47,83.41
PROV_0075,2025-02-01,91.64,81.97,79.27
PROV_0075,2025-03-01,90.69,81.56,64.66
PROV_0075,2025-04-01,96.72,84.49,76.1
PROV_0075,2025-05-01,95.76,87.54,73.59
PROV_0075,2025-06-01,84.61,82.42,68.95
PROV_0075,2025-07-01,92.15,86.47,76.69
PROV_0075,2025-08-01,92.03,80.26,70.66
PROV_0075,2025-09-01,89.46,91.31,65.43
PROV_0075,2025-10-01,97.38,92.04,77.65
PROV_0075,2025-11-01,87.23,69.08,70.71
PROV_0075,2025-12-01,88.17,83.11,67.93
PROV_0075,2026-01-01,97.67,97.13,85.17
PROV_0075,2026-02-01,96.33,85.85,82.41
PROV_0075,2026-03-01,92.29,81.71,74.07
PROV_0075,2026-04-01,87.98,80.6,68.74
PROV_0075,2026-05-01,86.33,71.6,73.99
PROV_0075,2026-06-01,89.21,72.02,69.26
